[{"imageName":"","level":3,"children":["HusseinBadry","MonaBadry"],"name":"AidaMadwar","parents":["KasdyMadwar","MonaARahman"],"siblings":["SamahMadwar"],"id":"94644CF0-1C3A-49D2-A645-336296B0EBCB","spouses":["AlyElBadry","AmrElNahhas"],"isImplicit":false},{"imageName":"","level":0,"children":["AidaMarei","AleyaMarei","FatmaMarei","NeimatMarei","VSrAminMarei"],"name":"VSrZeinabShamsy","parents":[],"siblings":[],"id":"BD1E18EB-7A3F-4245-8A7E-5F720DE1EE25","spouses":["VSrHuseinMarei"],"isImplicit":false},{"imageName":"","level":3,"children":[],"name":"AmrElNahhas","parents":["MrAN","MrsAN"],"siblings":[],"id":"22DE23BF-096A-409D-9BDF-5E047613305A","spouses":["AidaMadwar"],"isImplicit":false},{"imageName":"","level":1,"children":["AmrARahman","MonaARahman"],"name":"AidaMarei","parents":["VSrHuseinMarei","VSrZeinabShamsy"],"siblings":["AleyaMarei","FatmaMarei","NeimatMarei","VSrAminMarei"],"id":"E866031F-7C43-4A32-98D1-CE075AD1238D","spouses":["AminARahman"],"isImplicit":false},{"imageName":"","level":4,"children":[],"name":"MonaBadry","parents":["AidaMadwar","AlyElBadry"],"siblings":["HusseinBadry"],"id":"A7003C1A-C9FD-4315-ACBA-9495776B2F38","spouses":[],"isImplicit":false},{"imageName":"","level":0,"children":["AidaMarei","AleyaMarei","FatmaMarei","NeimatMarei","VSrAminMarei"],"name":"VSrHuseinMarei","parents":[],"siblings":[],"id":"01A92239-0F6F-4A00-A77C-44539B32EF70","spouses":["VSrZeinabShamsy"],"isImplicit":false},{"imageName":"","level":4,"children":[],"name":"HusseinBadry","parents":["AidaMadwar","AlyElBadry"],"siblings":["MonaBadry"],"id":"B38EAE36-A726-4812-AB46-04BBDF918EC1","spouses":[],"isImplicit":false},{"imageName":"","level":3,"children":["HusseinBadry","MonaBadry"],"name":"AlyElBadry","parents":["MrAB","MrsAB"],"siblings":[],"id":"32882EB8-E8B0-4D5A-8E70-292E0680EC85","spouses":["AidaMadwar"],"isImplicit":false},{"imageName":"","level":2,"children":["AidaMadwar","SamahMadwar"],"name":"MonaARahman","parents":["AidaMarei","AminARahman"],"siblings":["AmrARahman"],"id":"FC5B82D0-3C38-41DE-9822-5109BDF5E6E2","spouses":["KasdyMadwar"],"isImplicit":false},{"imageName":"","level":1,"children":["AmrARahman","MonaARahman"],"name":"AminARahman","parents":["MrAR","MrsAR"],"siblings":[],"id":"22A8045C-4127-456A-8085-13F727E16D21","spouses":["AidaMarei"],"isImplicit":false},{"imageName":"","level":2,"children":["KarimARahman"],"name":"MagdaAshour","parents":["MrAA","MrsAA"],"siblings":[],"id":"E4437D05-D7DF-48E3-8CE9-4A4AA683B822","spouses":["AmrARahman"],"isImplicit":false},{"imageName":"","level":2,"children":["KarimARahman"],"name":"AmrARahman","parents":["AidaMarei","AminARahman"],"siblings":["MonaARahman"],"id":"9F821F3E-E16E-4069-866C-94D0BE69A8A7","spouses":["MagdaAshour"],"isImplicit":false},{"imageName":"","level":2,"children":["AidaMadwar","SamahMadwar"],"name":"KasdyMadwar","parents":["MrKM","MrsKM"],"siblings":[],"id":"74B2048B-EE69-4B37-ABBC-1EDB6823C5E8","spouses":["MonaARahman"],"isImplicit":false}]