[{"imageName":"","parents":[],"isImplicit":false,"id":"EB9DE47B-F72C-4240-B3FC-D0FBBF162C60","spouses":["VSrHuseinMarei"],"children":["AidaMarei","AleyaMarei","FatmaMarei","NeimatMarei","VSrAminMarei"],"name":"VSrZeinabShamsy","siblings":[],"level":0},{"imageName":"","parents":["Dra","MrsA"],"isImplicit":false,"id":"3B3E2C7D-2081-40CC-A39F-1CCF9E9EE851","spouses":["FatmaMarei"],"children":["AhmedAWahab","DrMAWahab","SanaaAWahab","SoheirAWahab"],"name":"MohMahAWahab","siblings":[],"level":1},{"imageName":"","parents":["AhmedYehiaAli","KismetOsman"],"isImplicit":false,"id":"87199FE5-957E-4B44-BF3A-EF4BD40E012C","spouses":[],"children":[],"name":"MohamedYehia","siblings":["AliYehia","MalakYehia"],"level":4},{"imageName":"","parents":["MrMEB","MrsMEB"],"isImplicit":false,"id":"EDA509F4-55AA-4285-AC13-981F401D0139","spouses":["SherineOsman"],"children":["AliaBaradei","OmarBaradei"],"name":"MhmdBaradei","siblings":[],"level":3},{"imageName":"","parents":["MhmdBaradei","SherineOsman"],"isImplicit":false,"id":"63E97066-15AD-429A-8AB5-E3B5B0DA3DC2","spouses":[],"children":[],"name":"AliaBaradei","siblings":["OmarBaradei"],"level":4},{"imageName":"","parents":["HeshamOsman","RandaElSelawy"],"isImplicit":false,"id":"3A8BAD83-BF18-4AAA-9B14-A17ACCF46F27","spouses":[],"children":[],"name":"FaridaHOsman","siblings":["AhmedHOsman"],"level":4},{"imageName":"","parents":["MrR","MrsR"],"isImplicit":false,"id":"0D1ACB0B-F9B5-4AE4-833B-0D0AD34553B9","spouses":["NevineAWahab"],"children":["HusseinRamadan","KarimRamadan"],"name":"MhmudRamadan","siblings":[],"level":3},{"imageName":"","parents":["MohamedOsman","SanaaAWahab"],"isImplicit":false,"id":"6DC16E08-D718-4E55-815A-DBB80C0488DE","spouses":[],"children":[],"name":"MonaOsman","siblings":["FatimaOsman","KismetOsman"],"level":3},{"imageName":"","parents":["MrNKM","MrsNKM"],"isImplicit":false,"id":"B9624511-09F0-43AF-8AAE-107371EE0BD1","spouses":["AlaaOsman"],"children":["AhmedAOsman","FaridaAOsman"],"name":"NermineKamal","siblings":[],"level":3},{"imageName":"","parents":["MRsRES","MrRES"],"isImplicit":false,"id":"D3ED3220-4FE0-4FCD-B595-C6F7829BD682","spouses":["HeshamOsman"],"children":["AhmedHOsman","FaridaHOsman"],"name":"RandaElSelawy","siblings":[],"level":3},{"imageName":"","parents":["FatmaMarei","MohMahAWahab"],"isImplicit":false,"id":"5745EE48-946E-43DF-ADC7-6A40B7F14CA1","spouses":["MohamedOsman"],"children":["FatimaOsman","KismetOsman","MonaOsman"],"name":"SanaaAWahab","siblings":["AhmedAWahab","DrMAWahab","SoheirAWahab"],"level":2},{"imageName":"","parents":["FatmaMarei","MohMahAWahab"],"isImplicit":false,"id":"3D4C38AC-A40A-4376-AE2F-936EB080DCC1","spouses":["FatenHamama","ZeinabMarzouk"],"children":["EsmatAWahab","NevineAWahab"],"name":"DrMAWahab","siblings":["AhmedAWahab","SanaaAWahab","SoheirAWahab"],"level":2},{"imageName":"","parents":["AhmedYehiaAli","KismetOsman"],"isImplicit":false,"id":"B4981313-5D05-451B-86B6-C2408CC03E9C","spouses":[],"children":[],"name":"AliYehia","siblings":["MalakYehia","MohamedYehia"],"level":4},{"imageName":"","parents":["MohamedOsman","SanaaAWahab"],"isImplicit":false,"id":"B515855B-0D80-41C8-B98D-C767E0F4CC1A","spouses":["GamalToulan"],"children":["AminaToulan","SamyToulan"],"name":"FatimaOsman","siblings":["KismetOsman","MonaOsman"],"level":3},{"imageName":"","parents":["AhmedOsman","MhmdOsman","SoheirAWahab"],"isImplicit":false,"id":"7F39E70B-024F-4573-AB64-4424901D08D3","spouses":["NermineKamal"],"children":["AhmedAOsman","FaridaAOsman"],"name":"AlaaOsman","siblings":["HeshamOsman","SherineOsman"],"level":3},{"imageName":"","parents":["EsmatAWahab","MhmdMansour"],"isImplicit":false,"id":"4C20F89B-0A64-4918-8E5E-99F15ADC2F53","spouses":[],"children":[],"name":"AmrMansour","siblings":["ZeinaMansour"],"level":4},{"imageName":"","parents":["MrMMA"],"isImplicit":false,"id":"E573234D-639E-4C16-B269-E31653AE1270","spouses":["SanaaAWahab"],"children":["FatimaOsman","KismetOsman","MonaOsman"],"name":"MohamedOsman","siblings":["AhmedOsman"],"level":2},{"imageName":"","parents":["DrMAWahab","ZeinabMarzouk"],"isImplicit":false,"id":"A9DD7172-5E18-4593-823A-74F091994B31","spouses":["MhmdMansour"],"children":["AmrMansour","ZeinaMansour"],"name":"EsmatAWahab","siblings":["NevineAWahab"],"level":3},{"imageName":"","parents":["MhmudRamadan","NevineAWahab"],"isImplicit":false,"id":"E2BE7AC5-E359-44BD-9E33-8A1B1781DB6D","spouses":["NadineAzzam"],"children":[],"name":"KarimRamadan","siblings":["HusseinRamadan"],"level":4},{"imageName":"","parents":["FatimaOsman","GamalToulan"],"isImplicit":false,"id":"904253B3-4D06-405C-9F0E-D85FC9A068F7","spouses":[],"children":[],"name":"AminaToulan","siblings":[],"level":4},{"imageName":"","parents":["MhmudRamadan","NevineAWahab"],"isImplicit":false,"id":"9C7F5923-83D2-4348-8EC7-5DA90A9B1DCA","spouses":["NadineFaizy"],"children":[],"name":"HusseinRamadan","siblings":["KarimRamadan"],"level":4},{"imageName":"","parents":["MohamedOsman","SanaaAWahab"],"isImplicit":false,"id":"03C86A91-73AD-47A4-8015-FAD2EEFB0C01","spouses":["AhmedYehiaAli"],"children":["AliYehia","MalakYehia","MohamedYehia","MohamedYehia.MalakYehia"],"name":"KismetOsman","siblings":["FatimaOsman","MonaOsman"],"level":3},{"imageName":"","parents":["AhmedOsman","MhmdOsman","SoheirAWahab"],"isImplicit":false,"id":"42AA9EE4-2F76-40EC-87F2-A14757C8D167","spouses":["MhmdBaradei"],"children":["AliaBaradei","OmarBaradei"],"name":"SherineOsman","siblings":["AlaaOsman","HeshamOsman"],"level":3},{"imageName":"","parents":["MhmdBaradei","SherineOsman"],"isImplicit":false,"id":"3A76D738-5052-42DC-ADBB-AC0F4E48009E","spouses":[],"children":[],"name":"OmarBaradei","siblings":["AliaBaradei"],"level":4},{"imageName":"","parents":["MrAYA","MrsAYA"],"isImplicit":false,"id":"CBFF7E55-1D02-4E40-A565-C962C805AF0A","spouses":["KismetOsman"],"children":["AliYehia","MalakYehia","MohamedYehia"],"name":"AhmedYehiaAli","siblings":[],"level":3},{"imageName":"","parents":["FatmaMarei","MohMahAWahab"],"isImplicit":false,"id":"F6CD877F-7E7B-4B1D-9F3B-08CDC429ECC8","spouses":["Hasana"],"children":[],"name":"AhmedAWahab","siblings":["DrMAWahab","SanaaAWahab","SoheirAWahab"],"level":2},{"imageName":"","parents":["MrA","MrsA"],"isImplicit":false,"id":"B958C8F2-BAE4-4BB2-AF2E-FAE26FBED53F","spouses":["SoheirAWahab"],"children":["AlaaOsman","HeshamOsman","SherineOsman"],"name":"MhmdOsman","siblings":["AhmedOsman"],"level":2},{"imageName":"","parents":["AhmedOsman","MhmdOsman","SoheirAWahab"],"isImplicit":false,"id":"977B8C07-58BD-4A0F-851F-F52BA69F8CCC","spouses":["RandaElSelawy"],"children":["AhmedHOsman","FaridaHOsman"],"name":"HeshamOsman","siblings":["AlaaOsman","SherineOsman"],"level":3},{"imageName":"","parents":["AlaaOsman","NermineKamal"],"isImplicit":false,"id":"514248E8-FCF7-4AAA-9C73-6A44520AF100","spouses":[],"children":[],"name":"FaridaAOsman","siblings":["AhmedAOsman"],"level":4},{"imageName":"","parents":[],"isImplicit":false,"id":"6F6AB5E8-3091-4F31-94E2-1AA550DEC5BB","spouses":["VSrZeinabShamsy"],"children":["AidaMarei","AleyaMarei","FatmaMarei","NeimatMarei","VSrAminMarei"],"name":"VSrHuseinMarei","siblings":["VSrHassaneinMarei"],"level":0},{"imageName":"","parents":["FatmaMarei","MohMahAWahab"],"isImplicit":false,"id":"68AA2A6A-9119-424A-8302-5D9762F3FC1C","spouses":["AhmedOsman","MhmdOsman"],"children":["AlaaOsman","HeshamOsman","SherineOsman"],"name":"SoheirAWahab","siblings":["AhmedAWahab","DrMAWahab","SanaaAWahab"],"level":2},{"imageName":"","parents":["FatimaOsman","GamalToulan"],"isImplicit":false,"id":"8B405852-4820-48D3-95AE-1EF8207E9632","spouses":[],"children":[],"name":"SamyToulan","siblings":[],"level":4},{"imageName":"","parents":["FMrA","MrsM"],"isImplicit":false,"id":"574E2BED-DA47-4F79-9111-50DB897AC088","spouses":["DrMAWahab"],"children":["EsmatAWahab","NevineAWahab"],"name":"ZeinabMarzouk","siblings":[],"level":2},{"imageName":"","parents":["MrGAT","MrsGAT"],"isImplicit":false,"id":"D2A95C5F-4868-4E26-B05C-70D6BA008CED","spouses":["FatimaOsman"],"children":["AminaToulan","SamyToulan"],"name":"GamalToulan","siblings":[],"level":3},{"imageName":"","parents":["AlaaOsman","NermineKamal"],"isImplicit":false,"id":"871A2FBF-CA21-4F2B-8FA4-892033435D88","spouses":[],"children":[],"name":"AhmedAOsman","siblings":["FaridaAOsman"],"level":4},{"imageName":"","parents":["VSrHuseinMarei","VSrZeinabShamsy"],"isImplicit":false,"id":"ECF23FC5-0DED-40AE-BC1F-72E3BAE3CA3B","spouses":["MohMahAWahab"],"children":["AhmedAWahab","DrMAWahab","SanaaAWahab","SoheirAWahab"],"name":"FatmaMarei","siblings":["AidaMarei","AleyaMarei","NeimatMarei","VSrAminMarei"],"level":1},{"imageName":"","parents":["DrMAWahab","ZeinabMarzouk"],"isImplicit":false,"id":"59A2787F-769F-495A-8BF4-2BFB021CD835","spouses":["MhmudRamadan"],"children":["HusseinRamadan","KarimRamadan"],"name":"NevineAWahab","siblings":["EsmatAWahab"],"level":3},{"imageName":"","parents":["MrM","MrsM"],"isImplicit":false,"id":"36D181DB-7686-4BB6-AE4D-98BB8F4EEDA2","spouses":["EsmatAWahab"],"children":["AmrMansour","ZeinaMansour"],"name":"MhmdMansour","siblings":[],"level":3},{"imageName":"","parents":["AhmedYehiaAli","KismetOsman"],"isImplicit":false,"id":"12AB809C-5999-4A40-ADA0-77E8848A4993","spouses":[],"children":[],"name":"MalakYehia","siblings":["AliYehia","MohamedYehia"],"level":4},{"imageName":"","parents":["EsmatAWahab","MhmdMansour"],"isImplicit":false,"id":"E90E464D-C0E2-46C1-A6ED-35082EB333D5","spouses":[],"children":[],"name":"ZeinaMansour","siblings":["AmrMansour"],"level":4},{"imageName":"","parents":["HeshamOsman","RandaElSelawy"],"isImplicit":false,"id":"CD69BCDA-9E87-4FB8-8544-85458ADFF0BF","spouses":[],"children":[],"name":"AhmedHOsman","siblings":["FaridaHOsman"],"level":4}]