[
  {
    "parents" : [
      "MrAlloul",
      "MrsAlloul"
    ],
    "spouses" : [
      "MarwanNA"
    ],
    "name" : "MassaA",
    "id" : "D241018F-6667-474D-8F68-BAC3CC2E7AA2",
    "isImplicit" : false,
    "children" : [
      "FarahMA",
      "FerrisMA"
    ],
    "level" : 1,
    "siblings" : [

    ]
  },
  {
    "parents" : [
      "MhmdTaymour",
      "MaysaNour"
    ],
    "spouses" : [
      "HedyIslam"
    ],
    "name" : "ElwyMT",
    "id" : "145D6C69-7C6A-4E62-A2D3-C6C77B0B51E8",
    "isImplicit" : false,
    "children" : [
      "GihaneET",
      "MaysaET",
      "AlyaET"
    ],
    "level" : 1,
    "siblings" : [
      "SherifMT"
    ]
  },
  {
    "parents" : [

    ],
    "spouses" : [
      "NabilAraby"
    ],
    "name" : "TNadia",
    "id" : "7B09C188-445C-4172-9A86-0EFC4221F587",
    "isImplicit" : false,
    "children" : [
      "MarwanNA",
      "MayNA",
      "HeshamNA"
    ],
    "level" : 0,
    "siblings" : [
      "TEffat",
      "EmadTaymour",
      "TEsmat",
      "THedayat",
      "MhmdTaymour",
      "NabilAraby"
    ]
  },
  {
    "parents" : [
      "MayNA",
      "AhmedHH"
    ],
    "spouses" : [

    ],
    "name" : "NadiaAH",
    "id" : "FE620BF9-215E-4F60-896F-40FB2A3DD783",
    "isImplicit" : false,
    "children" : [

    ],
    "level" : 2,
    "siblings" : [
      "MarwanNA",
      "HeshamNA",
      "MansourAH",
      "TaymourAH"
    ]
  },
  {
    "parents" : [
      "AhmedHH",
      "MayNA"
    ],
    "spouses" : [
      "NourME"
    ],
    "name" : "MansourAH",
    "id" : "B36F4BED-779D-4549-8B93-69ACAD6604F6",
    "isImplicit" : false,
    "children" : [
      "MalakMH",
      "HanaMH"
    ],
    "level" : 2,
    "siblings" : [
      "TaymourAH",
      "NadiaAH"
    ]
  },
  {
    "parents" : [
      "MansourAH",
      "NourME"
    ],
    "spouses" : [

    ],
    "name" : "MalakMH",
    "id" : "8CD1696F-1487-4D71-898F-3BAADCE0BD0E",
    "isImplicit" : false,
    "children" : [

    ],
    "level" : 3,
    "siblings" : [
      "HanaMH"
    ]
  },
  {
    "parents" : [
      "MhmdTaymour",
      "MaysaNour"
    ],
    "spouses" : [
      "NihalHalbouny"
    ],
    "name" : "SherifMT",
    "id" : "1C34F8C5-E624-42B1-9F75-DCFCF6D6B2C3",
    "isImplicit" : false,
    "children" : [
      "MohamedST",
      "IsmailST"
    ],
    "level" : 1,
    "siblings" : [
      "ElwyMT"
    ]
  },
  {
    "parents" : [
      "HeshamNA",
      "DinaOH"
    ],
    "spouses" : [

    ],
    "name" : "SeifHA",
    "id" : "08F5779A-CF7E-4AC9-A36F-C98FC0CB7A82",
    "isImplicit" : false,
    "children" : [

    ],
    "level" : 2,
    "siblings" : [
      "TaliaHA"
    ]
  },
  {
    "parents" : [
      "MarwanNA",
      "MassaA"
    ],
    "spouses" : [

    ],
    "name" : "FarahMA",
    "id" : "7138616C-10EB-433B-972C-57C09B97BB3C",
    "isImplicit" : false,
    "children" : [

    ],
    "level" : 2,
    "siblings" : [
      "FerrisMA"
    ]
  },
  {
    "parents" : [
      "AhmedHH",
      "MayNA"
    ],
    "spouses" : [
      "FaridaHL"
    ],
    "name" : "TaymourAH",
    "id" : "45C08428-EAB1-474B-9424-AD35DA00C9FA",
    "isImplicit" : false,
    "children" : [
      "AminTH"
    ],
    "level" : 2,
    "siblings" : [
      "MansourAH",
      "NadiaAH"
    ]
  },
  {
    "parents" : [
      "ElwyMT",
      "HedyIslam"
    ],
    "spouses" : [

    ],
    "name" : "AleyaET",
    "id" : "929D9062-04C1-41F2-897A-80E74BDEA1D0",
    "isImplicit" : false,
    "children" : [

    ],
    "level" : 2,
    "siblings" : [
      "GihaneET",
      "MaysaET"
    ]
  },
  {
    "parents" : [
      "OHeikal",
      "THedayat"
    ],
    "spouses" : [
      "MayNA"
    ],
    "name" : "AhmedHH",
    "id" : "A385F7FB-4B5A-4AEE-8D3E-8D4346C7FFC1",
    "isImplicit" : false,
    "children" : [
      "MansourAH",
      "NadiaAH",
      "TaymourAH"
    ],
    "level" : 1,
    "siblings" : [
      "AlyHH_Senior",
      "HassanHH"
    ]
  },
  {
    "parents" : [
      "NabilAraby",
      "TNadia"
    ],
    "spouses" : [
      "DinaOH"
    ],
    "name" : "HeshamNA",
    "id" : "EFCE52C9-6741-4052-BC7F-577DD5146108",
    "isImplicit" : false,
    "children" : [
      "TaliaHA",
      "SeifHA"
    ],
    "level" : 1,
    "siblings" : [
      "NadiaAH",
      "MarwanNA",
      "MayNA"
    ]
  },
  {
    "parents" : [
      "SherifSt",
      "NihalHalbouny",
      "SherifMT"
    ],
    "spouses" : [

    ],
    "name" : "IsmailST",
    "id" : "DB000AE6-8EFF-4DBF-8BC1-A3DD83FE210D",
    "isImplicit" : false,
    "children" : [

    ],
    "level" : 2,
    "siblings" : [
      "MohamedST"
    ]
  },
  {
    "parents" : [

    ],
    "spouses" : [
      "MaysaNour"
    ],
    "name" : "MhmdTaymour",
    "id" : "194E5992-9783-4766-97FA-E41F3BFAE2CA",
    "isImplicit" : false,
    "children" : [
      "ElwyMT",
      "SherifMT"
    ],
    "level" : 0,
    "siblings" : [
      "MaysaNour",
      "EmadTaymour",
      "TNadia"
    ]
  },
  {
    "parents" : [
      "MrLeheta",
      "MrsLeheta"
    ],
    "spouses" : [
      "TaymourAH"
    ],
    "name" : "FaridaHL",
    "id" : "54EF6341-CFBB-458E-BA32-F67F38EFFFA4",
    "isImplicit" : false,
    "children" : [
      "AminTH"
    ],
    "level" : 2,
    "siblings" : [

    ]
  },
  {
    "parents" : [

    ],
    "spouses" : [
      "MhmdTaymour"
    ],
    "name" : "MaysaNour",
    "id" : "FE7426ED-D392-45FD-9DD9-72C5B86B8AB0",
    "isImplicit" : false,
    "children" : [
      "ElwyMT",
      "SherifMT"
    ],
    "level" : 0,
    "siblings" : [
      "MhmdTaymour",
      "TarekNour"
    ]
  },
  {
    "parents" : [

    ],
    "spouses" : [
      "TNadia"
    ],
    "name" : "NabilAraby",
    "id" : "8526180B-F1C5-40B7-9412-A55D43DF1096",
    "isImplicit" : false,
    "children" : [
      "MarwanNA",
      "MayNA",
      "HeshamNA"
    ],
    "level" : 0,
    "siblings" : [
      "TNadia"
    ]
  },
  {
    "parents" : [
      "ElwyMT",
      "HedyIslam"
    ],
    "spouses" : [

    ],
    "name" : "GihaneET",
    "id" : "D251F445-10CF-4A76-B75D-41B893638859",
    "isImplicit" : false,
    "children" : [

    ],
    "level" : 2,
    "siblings" : [
      "AlyaET",
      "MaysaET",
      "AleyaET"
    ]
  },
  {
    "parents" : [
      "NabilAraby",
      "TNadia"
    ],
    "spouses" : [
      "MassaA"
    ],
    "name" : "MarwanNA",
    "id" : "F83C1EA5-3B0B-4C19-90DF-862FFD726634",
    "isImplicit" : false,
    "children" : [
      "FarahMA",
      "FerrisMA"
    ],
    "level" : 1,
    "siblings" : [
      "HeshamNA",
      "NadiaAH",
      "MayNA"
    ]
  },
  {
    "parents" : [
      "MansourAH",
      "NourME"
    ],
    "spouses" : [

    ],
    "name" : "HanaMH",
    "id" : "E2EA1AED-875C-4E05-8EE2-016F19D4F484",
    "isImplicit" : false,
    "children" : [

    ],
    "level" : 3,
    "siblings" : [
      "MalakMH"
    ]
  },
  {
    "parents" : [
      "NabilAraby",
      "TNadia"
    ],
    "spouses" : [
      "AhmedHH"
    ],
    "name" : "MayNA",
    "id" : "FD179DDA-2BED-4427-873F-7C3C9BBB28FC",
    "isImplicit" : false,
    "children" : [
      "MansourAH",
      "NadiaAH",
      "TaymourAH"
    ],
    "level" : 1,
    "siblings" : [
      "MarwanNA",
      "HeshamNA"
    ]
  },
  {
    "parents" : [
      "DrO",
      "MrsO"
    ],
    "spouses" : [
      "HeshamNA"
    ],
    "name" : "DinaOH",
    "id" : "A3E5908E-27C5-4A24-AF4D-95A66B7B3721",
    "isImplicit" : false,
    "children" : [
      "TaliaHA",
      "SeifHA"
    ],
    "level" : 1,
    "siblings" : [

    ]
  },
  {
    "parents" : [
      "SaedME",
      "MohgaMM"
    ],
    "spouses" : [
      "MansourAH"
    ],
    "name" : "NourME",
    "id" : "14325298-591E-495C-BD68-877285D9F089",
    "isImplicit" : false,
    "children" : [
      "MalakMH",
      "HanaMH"
    ],
    "level" : 2,
    "siblings" : [
      "YasminaME"
    ]
  },
  {
    "parents" : [
      "MrH",
      "MrsH"
    ],
    "spouses" : [
      "SherifMT"
    ],
    "name" : "NihalHalbouny",
    "id" : "70D5FA66-55FF-43E5-99FB-A39079CE14FD",
    "isImplicit" : false,
    "children" : [
      "MohamedST",
      "IsmailST"
    ],
    "level" : 1,
    "siblings" : [

    ]
  },
  {
    "parents" : [
      "MarwanNA",
      "MassaA"
    ],
    "spouses" : [

    ],
    "name" : "FerrisMA",
    "id" : "909A8615-7DED-4861-A1E8-6A7C9746FA14",
    "isImplicit" : false,
    "children" : [

    ],
    "level" : 2,
    "siblings" : [
      "FarahMA"
    ]
  },
  {
    "parents" : [
      "MrIslam",
      "MrsIslam"
    ],
    "spouses" : [
      "ElwyMT"
    ],
    "name" : "HedyIslam",
    "id" : "EBD536AA-26C7-4CA7-AF98-586F5AA2F226",
    "isImplicit" : false,
    "children" : [
      "GihaneET",
      "MaysaET",
      "AlyaET"
    ],
    "level" : 1,
    "siblings" : [

    ]
  },
  {
    "parents" : [
      "SherifSt",
      "NihalHalbouny",
      "SherifMT"
    ],
    "spouses" : [

    ],
    "name" : "MohamedST",
    "id" : "372DDAA4-99C6-43AA-8422-440EA3091DEE",
    "isImplicit" : false,
    "children" : [

    ],
    "level" : 2,
    "siblings" : [
      "IsmailST"
    ]
  },
  {
    "parents" : [
      "ElwyMT",
      "HedyIslam"
    ],
    "spouses" : [

    ],
    "name" : "MaysaET",
    "id" : "80450FA4-7050-4721-83BB-D65D06F6D72C",
    "isImplicit" : false,
    "children" : [

    ],
    "level" : 2,
    "siblings" : [
      "AlyaET",
      "GihaneET",
      "AleyaET"
    ]
  },
  {
    "parents" : [
      "HeshamNA",
      "DinaOH"
    ],
    "spouses" : [

    ],
    "name" : "TaliaHA",
    "id" : "97A58E7A-5BD4-4C6F-9E9C-CB8ED0BDEB6E",
    "isImplicit" : false,
    "children" : [

    ],
    "level" : 2,
    "siblings" : [
      "SeifHA"
    ]
  },
  {
    "parents" : [
      "TaymourAH",
      "FaridaHL"
    ],
    "spouses" : [

    ],
    "name" : "AminTH",
    "id" : "2D8E1C04-2271-4151-AA5F-8A8E83EBBAAA",
    "isImplicit" : false,
    "children" : [

    ],
    "level" : 3,
    "siblings" : [

    ]
  }
]