[{"name":"SafeyaFahmy","spouses":["IsmailSirry"],"children":["DoreyaSirry","DorreyaSirry"],"imageName":"","id":"5811EFF0-5F3B-4344-87FF-5E2663FD1842","level":1,"isImplicit":false,"parents":["DorreyaHanemSidky","MostafaPashaFahmy"],"siblings":[]},{"name":"GamilaAlfy","spouses":["IsmailSidky"],"children":["ZeinabSidky"],"imageName":"","id":"5314BAE9-8CA2-43CA-8A95-D3122F97FC09","level":0,"isImplicit":false,"parents":[],"siblings":[]},{"name":"HusseinSirry","spouses":["NafisaSarhank"],"children":["IsmailSirry"],"imageName":"","id":"77782232-84EF-4D3B-88EA-6595E0AFF8DA","level":0,"isImplicit":false,"parents":[],"siblings":[]},{"name":"HassanArousy","spouses":["YasmineHafez"],"children":["BasselArousy","KhalilArousy"],"imageName":"","id":"11781F16-2113-4CF3-A461-2E5F94A3A733","level":3,"isImplicit":false,"parents":["MrBAR","MrsBAR"],"siblings":[]},{"name":"IsmailSirry","spouses":["SafeyaFahmy"],"children":["DoreyaSirry","DorreyaSirry"],"imageName":"","id":"9AE98FCA-7A2E-40E6-9D1A-5FB9899ABE64","level":1,"isImplicit":false,"parents":["HusseinSirry","NafisaSarhank"],"siblings":[]},{"name":"HassanHafez","spouses":["ZeinabSidky"],"children":["KhalilHafez"],"imageName":"","id":"30D2E13D-A455-484E-B86A-571292EE8A61","level":1,"isImplicit":false,"parents":["FatmaTawdy","VSrKhalilHafez"],"siblings":[]},{"name":"DoreyaSirry","spouses":["KhalilHafez"],"children":["MalakHafez","YasmineHafez"],"imageName":"","id":"AD290F2C-A070-4F7D-AB67-EB0E3FA09F3F","level":2,"isImplicit":false,"parents":["IsmailSirry","SafeyaFahmy"],"siblings":[]},{"name":"MostafaPashaFahmy","spouses":["DorreyaHanemSidky"],"children":["SafeyaFahmy"],"imageName":"","id":"73A04161-83F4-4E6F-9D4E-BA3055A1843A","level":0,"isImplicit":false,"parents":[],"siblings":[]},{"name":"FatmaTawdy","spouses":["VSrKhalilHafez"],"children":["HassanHafez"],"imageName":"","id":"60536BAF-08F2-400F-8C20-CDFEF64283A7","level":0,"isImplicit":false,"parents":[],"siblings":[]},{"name":"MalakHafez","spouses":["KarimAyoub"],"children":["HanyaAyoub","YasmineAyoub"],"imageName":"","id":"B99AED6E-6C33-45B9-94C0-C868DE9D149B","level":3,"isImplicit":false,"parents":["DoreyaSirry","KhalilHafez"],"siblings":["YasmineHafez"]},{"name":"KhalilHafez","spouses":["DoreyaSirry"],"children":["MalakHafez","YasmineHafez"],"imageName":"","id":"83E755E5-7680-4AFC-96EE-409054DC9DE8","level":2,"isImplicit":false,"parents":["HassanHafez","ZeinabSidky","ZeinabSidky:SPOUSES: DoreyaSirry"],"siblings":[]},{"name":"IsmailSidky","spouses":["GamilaAlfy"],"children":["ZeinabSidky"],"imageName":"","id":"8E0ABEF0-EA35-40B8-B7CD-34FF2E8D802D","level":0,"isImplicit":false,"parents":[],"siblings":[]},{"name":"VSrKhalilHafez","spouses":["FatmaTawdy"],"children":["HassanHafez"],"imageName":"","id":"7047B9FC-0BB5-48E8-8F18-41AFC9A0063A","level":0,"isImplicit":false,"parents":[],"siblings":[]},{"name":"YehiaHammad","spouses":["YasmineAyoub"],"children":[],"imageName":"","id":"8C455A56-7A17-41F4-BF1B-1963D95AA8CC","level":4,"isImplicit":false,"parents":["MrYHA","MrsYHA"],"siblings":[]},{"name":"BasselArousy","spouses":[],"children":[],"imageName":"","id":"1F833946-784C-4FB4-AFBB-6EAA185940EF","level":4,"isImplicit":false,"parents":["HassanArousy","YasmineHafez"],"siblings":["KhalilArousy"]},{"name":"DorreyaHanemSidky","spouses":["MostafaPashaFahmy"],"children":["SafeyaFahmy"],"imageName":"","id":"964F21DE-E97A-484B-91F2-2BFD7FAF8147","level":0,"isImplicit":false,"parents":[],"siblings":[]},{"name":"KarimAyoub","spouses":["MalakHafez"],"children":["HanyaAyoub","YasmineAyoub"],"imageName":"","id":"46987C9F-634F-4DB2-B0EA-F55FCC003220","level":3,"isImplicit":false,"parents":["MrAYB","Mrs AYB"],"siblings":[]},{"name":"KhalilArousy","spouses":[],"children":[],"imageName":"","id":"B7BE404E-86DB-4B4C-96D3-4C51177EF949","level":4,"isImplicit":false,"parents":["HassanArousy","YasmineHafez"],"siblings":["BasselArousy"]},{"name":"ZeinabSidky","spouses":["HassanHafez"],"children":["KhalilHafez"],"imageName":"","id":"7C74EB9D-C667-4A1C-89D8-19FAEB1F2866","level":1,"isImplicit":false,"parents":["GamilaAlfy","IsmailSidky"],"siblings":[]},{"name":"NafisaSarhank","spouses":["HusseinSirry"],"children":["IsmailSirry"],"imageName":"","id":"A163F430-5D9F-489D-9A50-82188D81C242","level":0,"isImplicit":false,"parents":[],"siblings":[]},{"name":"HanyaAyoub","spouses":[],"children":[],"imageName":"","id":"2265268A-A563-4F64-8E5E-61DCE8CDF0F8","level":4,"isImplicit":false,"parents":["KarimAyoub","MalakHafez"],"siblings":["YasmineAyoub"]},{"name":"YasmineAyoub","spouses":["YehiaHammad"],"children":[],"imageName":"","id":"B62F3992-AD89-4BFF-8748-EBD91136F910","level":4,"isImplicit":false,"parents":["KarimAyoub","MalakHafez"],"siblings":["HanyaAyoub"]},{"name":"YasmineHafez","spouses":["HassanArousy"],"children":["BasselArousy","KhalilArousy"],"imageName":"","id":"8E73D55E-C50C-46EC-B965-18AF6568F495","level":3,"isImplicit":false,"parents":["DoreyaSirry","KhalilHafez"],"siblings":["MalakHafez"]}]