[{"level":2,"spouses":["NadaAllam"],"imageName":"","isImplicit":false,"parents":["MrKOE","MrsKOE"],"name":"KhaledKoueidar","children":["HanaKoueidar"],"id":"CF7BBB2D-F2F1-4891-9821-C6E421B06B1E","siblings":[]},{"level":1,"spouses":["GamilShanab"],"imageName":"","isImplicit":false,"parents":["AminaBassim","ElwyTaymour"],"name":"KismetTaymour","children":["HassanShanab","HedayatShanab","NaglaShanab"],"id":"070A0E8F-9CC1-4AC3-B1C4-7FEC3E307070","siblings":["EffatTaymour","EmadTaymour","HedayaTaymour","MohamedTaymour","NadiaTaymour"]},{"level":3,"spouses":[],"imageName":"","isImplicit":false,"parents":["DinaOH","HeshamAraby"],"name":"TaliaHA","children":[],"id":"D950C814-2F77-4F3D-8AC1-ED8714B51AF1","siblings":["SeifHA"]},{"level":3,"spouses":["SeifR"],"imageName":"","isImplicit":false,"parents":["HedayatShanab","RaoufHusseiny"],"name":"KismetHusseiny","children":["HassanSR","NadiaSR"],"id":"1631B63E-C0DC-4481-AD68-AFE989173771","siblings":["AhmedHusseiny"]},{"level":2,"spouses":["MassaAlloul"],"imageName":"","isImplicit":false,"parents":["NabilAraby","NadiaTaymour"],"name":"MarwanAraby","children":["FarahMA","FerrisMA"],"id":"1103E141-3706-49BD-B5B9-C93765FC4580","siblings":["HeshamAraby","MayAraby","NadiaAH"]},{"level":4,"spouses":[],"imageName":"","isImplicit":false,"parents":["KismetHusseiny","SeifR","SeifSR"],"name":"HassanSR","children":[],"id":"F63708EA-FFA6-4DB6-B7C6-1E4BB056ED01","siblings":["NadiaSR"]},{"level":4,"spouses":[],"imageName":"","isImplicit":false,"parents":["AhmedO","HedayatAH"],"name":"SorayaAO","children":[],"id":"F5D07C03-779D-428B-A747-D4BF00D8D79E","siblings":["HusseinAO"]},{"level":2,"spouses":["HassanHeikal"],"imageName":"","isImplicit":false,"parents":["MrZZ","MrsZZ"],"name":"Zazi","children":[],"id":"0DD12F71-535F-47E9-A7BD-B9D56E5B168F","siblings":[]},{"level":2,"spouses":["HedyIslam"],"imageName":"","isImplicit":false,"parents":["MaysaNour","MohamedTaymour"],"name":"ElwyTaymour","children":["AleyaET","AlyaET","GihaneET","MaysaET"],"id":"5A93C921-D807-4374-9D81-FD9A92462C2C","siblings":["SherifTaymour"]},{"level":3,"spouses":[],"imageName":"","isImplicit":false,"parents":["IbrahimHegazy","NazlyTaymour"],"name":"MostafaHegazy","children":[],"id":"F0E78607-DE73-498A-82BB-0B8086BB5780","siblings":["ZeinabHegazy"]},{"level":1,"spouses":["TatyLotfy"],"imageName":"","isImplicit":false,"parents":["AminaBassim","ElwyTaymour"],"name":"EmadTaymour","children":["AminaTaymour","NazlyTaymour"],"id":"400A335E-D356-4F6A-8D55-804894B72EFB","siblings":["EffatTaymour","HedayatTaymour","KismetTaymour","MohamedTaymour","NadiaTaymour"]},{"level":3,"spouses":["FaridaHL","FaridaLeheita"],"imageName":"","isImplicit":false,"parents":["AhmedHeikal","MayAraby"],"name":"TaymourAH","children":["AminTH"],"id":"3E400F5C-F116-4B1C-9DB1-2FE766DEB6A6","siblings":["MansourAH","NadiaAH"]},{"level":2,"spouses":["MhmdElAfifi"],"imageName":"","isImplicit":false,"parents":["GamilShanab","KismetTaymour"],"name":"NaglaShanab","children":["AlaaElAfifi","OmarElAfifi"],"id":"89B79071-7F05-4B1D-881C-6BACD48733E2","siblings":["HassanShanab","HedayatShanab"]},{"level":2,"spouses":["NadaAllam"],"imageName":"","isImplicit":false,"parents":["MrTto","MrsTto"],"name":"TarekElTobgy","children":["SalahElTobgy"],"id":"C49EC159-BEA7-4636-A054-B7D6FF730CBB","siblings":[]},{"level":2,"spouses":["ElwyTaymour"],"imageName":"","isImplicit":false,"parents":["MrIslam","MrsIslam"],"name":"HedyIslam","children":["AleyaET","AlyaET","GihaneET","MaysaET"],"id":"A90A8ADF-11C7-406F-8AE5-5B9B9E5B921F","siblings":[]},{"level":3,"spouses":[],"imageName":"","isImplicit":false,"parents":["HedayatShanab","RaoufHusseiny"],"name":"AhmedHusseiny","children":[],"id":"0F6B73CD-72D8-4ADF-8EC9-C733235A72C8","siblings":["KismetHusseiny"]},{"level":3,"spouses":[],"imageName":"","isImplicit":false,"parents":["HassanHeikal","RaniaES"],"name":"AlyHJr","children":[],"id":"93C8C99D-D8EB-492B-99D1-D7B87684F492","siblings":["RachidHJr"]},{"level":2,"spouses":["AlyHeikal"],"imageName":"","isImplicit":false,"parents":["DrRaafat","MrsRaafat"],"name":"InasRaafat","children":["HedayatAH","MohamedAH"],"id":"97E8465E-BF59-4644-B9D5-12E01F6C72B6","siblings":[]},{"level":2,"spouses":["HedayatShanab"],"imageName":"","isImplicit":false,"parents":["AEHSr","BellaTobgy"],"name":"RaoufHusseiny","children":["AhmedHusseiny","KismetHusseiny"],"id":"BF585D21-0411-4C5C-84BC-796DB7CFE7CA","siblings":[]},{"level":2,"spouses":["RaoufHusseiny"],"imageName":"","isImplicit":false,"parents":["GamilShanab","KismetTaymour"],"name":"HedayatShanab","children":["AhmedHusseiny","KismetHusseiny"],"id":"2764143E-AB6C-478C-B4D6-44CD6A735F66","siblings":["HassanShanab","NaglaShanab"]},{"level":3,"spouses":[],"imageName":"","isImplicit":false,"parents":["NihalHalbouny","SherifTaymour"],"name":"MohamedST","children":[],"id":"A84DB58C-5504-4B19-B58E-B0E900B08387","siblings":["IsmailST"]},{"level":3,"spouses":["OmarElAfifi"],"imageName":"","isImplicit":false,"parents":["DianeFQ","PeterPQ"],"name":"GillianPQ","children":["AminOA","LaylaOA"],"id":"D9ADC5C3-9D06-4D61-BFD2-6685120F54FD","siblings":["MarkPQ"]},{"level":3,"spouses":["AhmedO"],"imageName":"","isImplicit":false,"parents":["AlyHeikal","InasRaafat"],"name":"HedayatAH","children":["HusseinAO","SorayaAO"],"id":"3F6F8274-197F-4343-ACC6-69BC4315BE51","siblings":["MohamedAH"]},{"level":2,"spouses":["AhmedHeikal"],"imageName":"","isImplicit":false,"parents":["NabilAraby","NadiaTaymour"],"name":"MayAraby","children":["MansourAH","NadiaAH","TaymourAH"],"id":"195F3A92-669C-4C1E-A0E7-DBE523DF67D2","siblings":["HeshamAraby","MarwanAraby"]},{"level":1,"spouses":["HedayatTaymour"],"imageName":"","isImplicit":false,"parents":["MrH","MrsH"],"name":"HassaneinHeikal","children":["AhmedHeikal","AlyHeikal","HassanHeikal"],"id":"4D3C716C-1CE4-40EA-BFB7-FB05D98B91D9","siblings":[]},{"level":2,"spouses":["OlfatMansour"],"imageName":"","isImplicit":false,"parents":["GamilShanab","KismetTaymour"],"name":"HassanShanab","children":[],"id":"02A1A616-7599-483D-82E4-83D078A4117E","siblings":["HedayatShanab","NaglaShanab"]},{"level":2,"spouses":["SherifTaymour"],"imageName":"","isImplicit":false,"parents":["MrH","MrsH"],"name":"NihalHalbouny","children":["IsmailST","MohamedST"],"id":"9DF8759F-1A1D-4664-A014-BE8D3EDB7FEA","siblings":[]},{"level":2,"spouses":["IbrahimHegazy","KhaledAkif"],"imageName":"","isImplicit":false,"parents":["EmadTaymour","TatyLotfy"],"name":"NazlyTaymour","children":["MostafaHegazy","ZeinabHegazy"],"id":"59AA497C-47F9-4DA0-9187-B06DB50BAC17","siblings":["AminaTaymour"]},{"level":0,"spouses":["ElwyBeyTaymour"],"imageName":"","isImplicit":false,"parents":[],"name":"AminaBassim","children":["EffatTaymour","EmadTaymour","HedayatTaymour","KismetTaymour","MohamedTaymour","NadiaTaymour"],"id":"42870364-4C45-4AB7-A39F-93A0F8870C3D","siblings":[]},{"level":3,"spouses":["MohamedAH"],"imageName":"","isImplicit":false,"parents":["MrNour","MrsNour"],"name":"FatmaMD","children":["AlyMH","BahyaMH","SalmaMH"],"id":"12FD21A8-9233-47AE-AF8C-84DBDA9316D1","siblings":[]},{"level":2,"spouses":[],"imageName":"","isImplicit":false,"parents":["EffatTaymour","FahmyAllam"],"name":"KhaledAllam","children":[],"id":"199401DE-200B-48D9-958D-B6D0E6228DD1","siblings":["NadaAllam"]},{"level":4,"spouses":[],"imageName":"","isImplicit":false,"parents":["KismetHusseiny","SeifR","SeifSR"],"name":"NadiaSR","children":[],"id":"14439927-E3C4-41D8-9BB2-2EF3F4EF9665","siblings":["HassanSR"]},{"level":3,"spouses":["FatmaMD"],"imageName":"","isImplicit":false,"parents":["AlyHeikal","InasRaafat"],"name":"MohamedAH","children":["AlyMH","BahyaMH","SalmaMH"],"id":"8EF5FC3D-7392-426C-803A-A025CE398B82","siblings":["HedayatAH"]},{"level":4,"spouses":[],"imageName":"","isImplicit":false,"parents":["AlaaElAfifi","YasminaMakram"],"name":"RachidAA","children":[],"id":"226FBC68-A904-41B1-B18A-DD183D766C05","siblings":["NourAA"]},{"level":3,"spouses":["HedayatAH"],"imageName":"","isImplicit":false,"parents":["DrOraby","MrsOraby"],"name":"AhmedO","children":["HusseinAO","SorayaAO"],"id":"9BE2F155-0E60-4CBD-A083-CC6BCE6EB372","siblings":[]},{"level":3,"spouses":[],"imageName":"","isImplicit":false,"parents":["KhaledKoueidar","NadaAllam"],"name":"HanaKoueidar","children":[],"id":"64967414-3C0C-4A32-952B-B7BC22F2730A","siblings":[]},{"level":3,"spouses":["NourMakram"],"imageName":"","isImplicit":false,"parents":["AhmedHeikal","MayAraby"],"name":"MansourAH","children":["HanaMH","MalakMH"],"id":"D50FC44E-0BAA-42AD-AB0E-95667014D7DB","siblings":["NadiaAH","TaymourAH"]},{"level":3,"spouses":[],"imageName":"","isImplicit":false,"parents":["AminaTaymour","WaelHamroush"],"name":"YoussefWH","children":[],"id":"F13A97B9-F5F6-42D5-89ED-33A4D961C146","siblings":["HusseinWH"]},{"level":3,"spouses":[],"imageName":"","isImplicit":false,"parents":["AminaTaymour","WaelHamroush"],"name":"HusseinWH","children":[],"id":"5C9CDB7F-A2F9-4A3F-94ED-28365B7CBB61","siblings":["YoussefWH"]},{"level":2,"spouses":["NihalHalbouny"],"imageName":"","isImplicit":false,"parents":["MaysaNour","MohamedTaymour"],"name":"SherifTaymour","children":["IsmailST","MohamedST"],"id":"B53C2003-16E2-4880-8FFE-ADA10FEDBEDB","siblings":["ElwyTaymour"]},{"level":2,"spouses":["InasRaafat"],"imageName":"","isImplicit":false,"parents":["HassaneinHeikal","HedayatTaymour"],"name":"AlyHeikal","children":["HedayatAH","MohamedAH"],"id":"1D7CCF18-FE67-4267-AE7F-BE1B8E23EDC0","siblings":["AhmedHeikal","HassanHeikal"]},{"level":1,"spouses":["EffatTaymour"],"imageName":"","isImplicit":false,"parents":["MrHA","MrsHa"],"name":"FahmyAllam","children":["KhaledAllam","NadaAllam"],"id":"7C85B87F-482B-4877-8224-B05A44F73E93","siblings":[]},{"level":1,"spouses":["FahmyAllam"],"imageName":"","isImplicit":false,"parents":["AminaBassim","ElwyBeyTaymour"],"name":"EffatTaymour","children":["KhaledAllam","NadaAllam"],"id":"6E7252A1-0532-4B9A-9161-F665648F4BDA","siblings":["EmadTaymour","HedayatTaymour","KismetTaymour","MohamedTaymour","NadiaTaymour"]},{"level":2,"spouses":["MarwanAraby"],"imageName":"","isImplicit":false,"parents":["MrAlloul","MrsAlloul"],"name":"MassaAlloul","children":["FarahMA","FerrisMA"],"id":"E3A4DEDB-DEB9-412F-9FC7-4E1E78561F97","siblings":[]},{"level":2,"spouses":["RaniaES","Zazi"],"imageName":"","isImplicit":false,"parents":["HassaneinHeikal","HedayatTaymour"],"name":"HassanHeikal","children":["AlyHJr","RachidHJr"],"id":"3399741F-A683-4387-BC99-501CB098A649","siblings":["AhmedHeikal","AlyHeikal"]},{"level":4,"spouses":[],"imageName":"","isImplicit":false,"parents":["MansourAH","NourMakram"],"name":"MalakMH","children":[],"id":"170293A8-0A69-4B9E-961F-38089B3BEA9E","siblings":["HanaMH"]},{"level":2,"spouses":["HassanShanab"],"imageName":"","isImplicit":false,"parents":["AlyAM","MonaDG"],"name":"OlfatMansour","children":[],"id":"076C1449-3A3F-4BD3-A3A6-05BB4BA9F510","siblings":[]},{"level":1,"spouses":["MaysaNour"],"imageName":"","isImplicit":false,"parents":["AminaBassim","ElwyBeyTaymour"],"name":"MohamedTaymour","children":["ElwyTaymour","SherifTaymour"],"id":"6BEDB04D-8BF6-4FF7-8026-5C5FFDFAE99B","siblings":["EffatTaymour","EmadTaymour","HedayatTaymour","KismetTaymour","NadiaTaymour"]},{"level":3,"spouses":[],"imageName":"","isImplicit":false,"parents":["HassanHeikal","RaniaES"],"name":"RachidHJr","children":[],"id":"7EB5B87B-21E2-4153-80EF-C541814F0C2C","siblings":["AlyHJr"]},{"level":3,"spouses":[],"imageName":"","isImplicit":false,"parents":["MarwanAraby","MassaAlloul"],"name":"FerrisMA","children":[],"id":"78632688-341F-4CE9-B998-7B4D9E66A61C","siblings":["FarahMA"]},{"level":4,"spouses":[],"imageName":"","isImplicit":false,"parents":["MansourAH","NourMakram"],"name":"HanaMH","children":[],"id":"CCAD5C57-5895-4990-B6C6-6E1E0F2FFE50","siblings":["MalakMH"]},{"level":1,"spouses":["HassaneinHeikal"],"imageName":"","isImplicit":false,"parents":["AminaBassim","ElwyBeyTaymour"],"name":"HedayatTaymour","children":["AhmedHeikal","AlyHeikal","HassanHeikal"],"id":"7362F1FD-D44A-487A-82E9-C15D000E183F","siblings":["EffatTaymour","EmadTaymour","KismetTaymour","MohamedTaymour","NadiaTaymour"]},{"level":1,"spouses":["KismetTaymour"],"imageName":"","isImplicit":false,"parents":["GamilaAteya","HassanBeyShanab"],"name":"GamilShanab","children":["HassanShanab","HedayatShanab","NaglaShanab"],"id":"B3FA7DE6-A41D-47B5-9C4A-7F0AD20F7AE9","siblings":["AlyShanab","MohamedShanab","SorayaShanab"]},{"level":2,"spouses":["HeshamAraby"],"imageName":"","isImplicit":false,"parents":["DrO","MrsO"],"name":"DinaOH","children":["SeifHA","TaliaHA"],"id":"0E231883-B298-4185-9D8D-07D6932AB260","siblings":[]},{"level":3,"spouses":[],"imageName":"","isImplicit":false,"parents":["ElwyTaymour","HedyIslam"],"name":"AleyaET","children":[],"id":"387C5C86-DE1C-4A90-B749-072958CFA30B","siblings":["GihaneET","MaysaET"]},{"level":2,"spouses":["DinaOH"],"imageName":"","isImplicit":false,"parents":["NabilAraby","NadiaTaymour"],"name":"HeshamAraby","children":["SeifHA","TaliaHA"],"id":"0A2F8063-36F1-4816-8AEB-151677CB6DE4","siblings":["MarwanAraby","MayAraby","NadiaAH"]},{"level":4,"spouses":[],"imageName":"","isImplicit":false,"parents":["FaridaLeheita","TaymourAH"],"name":"AminTH","children":[],"id":"16B1158A-677F-4226-833C-20CAA0882EB4","siblings":[]},{"level":0,"spouses":["AminaBassim"],"imageName":"","isImplicit":false,"parents":[],"name":"ElwyBeyTaymour","children":["EffatTaymour","EmadTaymour","HedayatTaymour","KismetTaymour","MohamedTaymour","NadiaTaymour"],"id":"63D7B4A8-20CE-4671-BA06-CD2B2CB15573","siblings":[]},{"level":1,"spouses":["NabilAraby"],"imageName":"","isImplicit":false,"parents":["AminaBassim","ElwyBeyTaymour"],"name":"NadiaTaymour","children":["HeshamAraby","MarwanAraby","MayAraby"],"id":"2110FD3F-8781-498F-96F0-A096640B1A3F","siblings":["EffatTaymour","EmadTaymour","HedayatTaymour","KismetTaymour","MohamedTaymour"]},{"level":1,"spouses":["NadiaTaymour"],"imageName":"","isImplicit":false,"parents":["DrAa","MrsAa"],"name":"NabilAraby","children":["HeshamAraby","MarwanAraby","MayAraby"],"id":"92597297-54DB-49D7-9DB4-7F9E1C59572E","siblings":[]},{"level":2,"spouses":["NaglaShanab"],"imageName":"","isImplicit":false,"parents":["AAzimElAfifi","AleyaErfan"],"name":"MhmdElAfifi","children":["AlaaElAfifi","OmarElAfifi"],"id":"EB01584C-2C16-450A-91BF-240DB76FF55D","siblings":["MhmudElAfifi"]},{"level":1,"spouses":["MohamedTaymour"],"imageName":"","isImplicit":false,"parents":["MrNour","MrsNour"],"name":"MaysaNour","children":["ElwyTaymour","SherifTaymour"],"id":"66816F3D-B7C1-423A-A057-8F2AFE192B12","siblings":["TarekNour"]},{"level":2,"spouses":["KhaledKoueidar","TarekElTobgy"],"imageName":"","isImplicit":false,"parents":["EffatTaymour","FahmyAllam"],"name":"NadaAllam","children":["HanaKoueidar","SalahElTobgy"],"id":"AEE5A0CC-E7B9-4BCA-A05E-75CE2ECEAB2C","siblings":["KhaledAllam"]},{"level":3,"spouses":[],"imageName":"","isImplicit":false,"parents":["DinaOH","HeshamAraby"],"name":"SeifHA","children":[],"id":"73D3F3D3-FFE0-416B-A87E-B426967262DB","siblings":["TaliaHA"]},{"level":2,"spouses":["HassanHeikal"],"imageName":"","isImplicit":false,"parents":["MrElSherif","MrsElSherif"],"name":"RaniaES","children":["AlyHJr","RachidHJr"],"id":"EE7140E9-154F-4D6E-A3A4-0B9CA84BE7BB","siblings":[]},{"level":4,"spouses":[],"imageName":"","isImplicit":false,"parents":["GillianPQ","OmarElAfifi"],"name":"AminOA","children":[],"id":"B4D73852-8C0E-421E-9D87-8AEC2E2BCDEB","siblings":["LaylaOA"]},{"level":3,"spouses":[],"imageName":"","isImplicit":false,"parents":["NadaAllam","TarekElTobgy"],"name":"SalahElTobgy","children":[],"id":"8D927FB5-3F03-45B4-AD53-4723BEDF014C","siblings":[]},{"level":2,"spouses":["NazlyTaymour"],"imageName":"","isImplicit":false,"parents":["MrHG","MrsHg"],"name":"IbrahimHegazy","children":["MostafaHegazy","ZeinabHegazy"],"id":"6F738025-4C1D-4FD7-AB9C-567380529824","siblings":[]},{"level":3,"spouses":["KismetHusseiny"],"imageName":"","isImplicit":false,"parents":["AmanyR","MhmudR"],"name":"SeifR","children":["HassanSR","NadiaSR"],"id":"941253ED-39F1-4F92-A7A5-EFF983F44D4B","siblings":["SaraR"]},{"level":3,"spouses":[],"imageName":"","isImplicit":false,"parents":["MarwanAraby","MassaAlloul"],"name":"FarahMA","children":[],"id":"F4BDFC6A-AD76-42AA-B021-A24D816292EA","siblings":["FerrisMA"]},{"level":3,"spouses":[],"imageName":"","isImplicit":false,"parents":["AhmedHeikal","MayAraby"],"name":"NadiaAH","children":[],"id":"A72B1122-AED1-425B-8F27-62C59178AC06","siblings":["HeshamAraby","MansourAH","MarwanAraby","TaymourAH"]},{"level":4,"spouses":[],"imageName":"","isImplicit":false,"parents":["AhmedO","HedayatAH"],"name":"HusseinAO","children":[],"id":"2D471839-0DD0-4BC7-A937-DBAA736D01BD","siblings":["SorayaAO"]},{"level":3,"spouses":["AlaaElAfifi"],"imageName":"","isImplicit":false,"parents":["MohgaMM","SaedME"],"name":"YasminaMakram","children":["NourAA","RachidAA"],"id":"95BFDD7A-7842-491B-A2BB-D1693E1028BF","siblings":["NourME"]},{"level":4,"spouses":[],"imageName":"","isImplicit":false,"parents":["GillianPQ","OmarElAfifi"],"name":"LaylaOA","children":[],"id":"4795265F-CE72-4E8D-8641-D0A3BB3C0E0F","siblings":["AminOA"]},{"level":2,"spouses":["AminaTaymour"],"imageName":"","isImplicit":false,"parents":["MrWH","MrsWH"],"name":"WaelHamroush","children":["HusseinWH","YoussefWH","ZeinabHegazy"],"id":"CEAE6517-604D-4572-AF9A-190E92F2851C","siblings":[]},{"level":3,"spouses":["YasminaMakram"],"imageName":"","isImplicit":false,"parents":["MhmdElAfifi","NaglaShanab"],"name":"AlaaElAfifi","children":["NourAA","RachidAA"],"id":"C6568267-1C9A-40C6-ACAE-FF2164B53319","siblings":["OmarElAfifi"]},{"level":1,"spouses":["EmadTaymour"],"imageName":"","isImplicit":false,"parents":["MrLotfy","MrsLotfy"],"name":"TatyLotfy","children":["AminaTaymour","NazlyTaymour"],"id":"96CBE28F-6C55-4D8A-9370-66B9E5F3F95A","siblings":[]},{"level":3,"spouses":["MansourAH"],"imageName":"","isImplicit":false,"parents":["MohgaMM","SaedME"],"name":"NourMakram","children":["HanaMH","MalakMH"],"id":"9663265B-50AB-4EE0-82F6-91BF98A499E7","siblings":["YasminaME"]},{"level":4,"spouses":[],"imageName":"","isImplicit":false,"parents":["AlaaElAfifi","YasminaMakram"],"name":"NourAA","children":[],"id":"6F077B96-8A8B-4D43-B30F-2C6D14C589F3","siblings":["RachidAA"]},{"level":3,"spouses":[],"imageName":"","isImplicit":false,"parents":["ElwyTaymour","HedyIslam"],"name":"MaysaET","children":[],"id":"85D08C9E-F609-43AB-976A-BBC384CA0F0A","siblings":["AleyaET","AlyaET","GihaneET"]},{"level":2,"spouses":["MayAraby"],"imageName":"","isImplicit":false,"parents":["HassaneinHeikal","HedayatTaymour"],"name":"AhmedHeikal","children":["MansourAH","NadiaAH","TaymourAH"],"id":"22771177-D649-4024-B3A8-59DB25EC8AE9","siblings":["AlyHeikal","HassanHeikal"]},{"level":2,"spouses":["WaelHamroush"],"imageName":"","isImplicit":false,"parents":["EmadTaymour","TatyLotfy"],"name":"AminaTaymour","children":["HusseinWH","YoussefWH"],"id":"B47E01C8-060F-49B6-858A-4944820E7281","siblings":["NazlyTaymour"]},{"level":3,"spouses":[],"imageName":"","isImplicit":false,"parents":["NihalHalbouny","SherifTaymour"],"name":"IsmailST","children":[],"id":"BECC9357-7BFE-465F-A6DA-7A6AE8E6B1BB","siblings":["MohamedST"]},{"level":3,"spouses":["GillianPQ"],"imageName":"","isImplicit":false,"parents":["MhmdElAfifi","NaglaShanab"],"name":"OmarElAfifi","children":["AminOA","LaylaOA"],"id":"B70B63A4-262E-47F5-94B8-B74168A703D1","siblings":["AlaaElAfifi"]},{"level":2,"spouses":["NazlyTaymour"],"imageName":"","isImplicit":false,"parents":["MrAk","MrsAk"],"name":"KhaledAkif","children":[],"id":"BAF6F6B5-9D70-4061-8058-7298EF4C96DC","siblings":[]},{"level":3,"spouses":["TaymourAH"],"imageName":"","isImplicit":false,"parents":["MrLeheta","MrsLeheta"],"name":"FaridaLeheita","children":["AminTH"],"id":"FE32E0A3-9DAC-4227-903E-84324C7E5AA5","siblings":[]},{"level":3,"spouses":[],"imageName":"","isImplicit":false,"parents":["ElwyTaymour","HedyIslam"],"name":"GihaneET","children":[],"id":"DBC1B851-D2B6-4569-8156-907D1191A3E3","siblings":["AleyaET","AlyaET","MaysaET"]}]