[{"children":[],"level":3,"parents":["KhaledKoueidar","NadaAllam"],"id":"64967414-3C0C-4A32-952B-B7BC22F2730A","name":"HanaKoueidar","spouses":[],"imageName":"","siblings":[],"isImplicit":false},{"siblings":[],"parents":[],"id":"C0A653FB-DD5B-4797-9CF1-9761AB928D38","level":0,"name":"AminaBassim","children":["EffatTaymour","EmadTaymour","HedayatTaymour","KismetTaymour","MohamedTaymour","NadiaTaymour"],"spouses":["ElwyBeyTaymour","ElwyTaymour"],"imageName":"","isImplicit":false},{"siblings":["EmadTaymour","HedayatTaymour","KismetTaymour","MohamedTaymour","NadiaTaymour"],"parents":["AminaBassim","ElwyBeyTaymour"],"id":"6E7252A1-0532-4B9A-9161-F665648F4BDA","level":1,"name":"EffatTaymour","children":["KhaledAllam","NadaAllam"],"spouses":["FahmyAllam"],"imageName":"","isImplicit":false},{"siblings":[],"parents":["MrKOE","MrsKOE"],"id":"CF7BBB2D-F2F1-4891-9821-C6E421B06B1E","level":2,"name":"KhaledKoueidar","children":["HanaKoueidar"],"spouses":["NadaAllam"],"imageName":"","isImplicit":false},{"siblings":["NadaAllam"],"parents":["EffatTaymour","FahmyAllam"],"id":"199401DE-200B-48D9-958D-B6D0E6228DD1","level":2,"name":"KhaledAllam","children":[],"spouses":[],"imageName":"","isImplicit":false},{"siblings":[],"parents":["NadaAllam","TarekElTobgy"],"id":"8D927FB5-3F03-45B4-AD53-4723BEDF014C","level":3,"name":"SalahElTobgy","children":[],"spouses":[],"imageName":"","isImplicit":false},{"name":"NadaAllam","level":2,"id":"AEE5A0CC-E7B9-4BCA-A05E-75CE2ECEAB2C","siblings":["KhaledAllam"],"parents":["EffatTaymour","FahmyAllam"],"spouses":["KhaledKoueidar","TarekElTobgy"],"imageName":"","isImplicit":false,"children":["HanaKoueidar","SalahElTobgy"]},{"name":"TarekElTobgy","level":2,"id":"C49EC159-BEA7-4636-A054-B7D6FF730CBB","siblings":[],"parents":["MrTto","MrsTto"],"spouses":["NadaAllam"],"imageName":"","isImplicit":false,"children":["SalahElTobgy"]},{"name":"FahmyAllam","level":1,"id":"7C85B87F-482B-4877-8224-B05A44F73E93","siblings":[],"parents":["MrHA","MrsHa"],"spouses":["EffatTaymour"],"imageName":"","isImplicit":false,"children":["KhaledAllam","NadaAllam"]},{"name":"ElwyBeyTaymour","level":0,"id":"749FC313-A189-43B3-BC6E-C03EA9CF6096","siblings":[],"parents":[],"spouses":["AminaBassim"],"imageName":"","isImplicit":false,"children":["EffatTaymour","EmadTaymour","HedayatTaymour","KismetTaymour","MohamedTaymour","NadiaTaymour"]}]