[{"name":"TatyLotfy","spouses":["EmadTaymour"],"parents":["MrLotfy","MrsLotfy"],"siblings":[],"isImplicit":false,"id":"96CBE28F-6C55-4D8A-9370-66B9E5F3F95A","children":["AminaTaymour","NazlyTaymour"],"imageName":"","level":1},{"name":"ElwyTaymour","spouses":["AminaBassim"],"parents":[],"siblings":[],"isImplicit":false,"id":"3BF61A25-59DD-4E06-A9D0-EAABF2FB2574","children":["EffatTaymour","EmadTaymour","HedayatTaymour","KismetTaymour","MohamedTaymour","NadiaTaymour"],"imageName":"","level":0},{"name":"MostafaHegazy","spouses":[],"parents":["IbrahimHegazy","NazlyTaymour"],"siblings":["ZeinabHegazy"],"isImplicit":false,"id":"F0E78607-DE73-498A-82BB-0B8086BB5780","children":[],"imageName":"","level":3},{"name":"YoussefWH","spouses":[],"parents":["AminaTaymour","WaelHamroush"],"siblings":["HusseinWH"],"isImplicit":false,"id":"F13A97B9-F5F6-42D5-89ED-33A4D961C146","children":[],"imageName":"","level":3},{"name":"WaelHamroush","spouses":["AminaTaymour"],"parents":["MrWH","MrsWH"],"siblings":[],"isImplicit":false,"id":"CEAE6517-604D-4572-AF9A-190E92F2851C","children":["HusseinWH","YoussefWH","ZeinabHegazy"],"imageName":"","level":2},{"name":"EmadTaymour","spouses":["TatyLotfy"],"parents":["AminaBassim","ElwyTaymour"],"siblings":["EffatTaymour","HedayatTaymour","KismetTaymour","MohamedTaymour","NadiaTaymour"],"isImplicit":false,"id":"400A335E-D356-4F6A-8D55-804894B72EFB","children":["AminaTaymour","NazlyTaymour"],"imageName":"","level":1},{"name":"AminaBassim","spouses":["ElwyTaymour"],"parents":[],"siblings":[],"isImplicit":false,"id":"8B956583-CEBD-4679-8125-7170C2103E31","children":["EffatTaymour","EmadTaymour","HedayatTaymour","KismetTaymour","MohamedTaymour","NadiaTaymour"],"imageName":"","level":0},{"name":"HusseinWH","spouses":[],"parents":["AminaTaymour","WaelHamroush"],"siblings":["YoussefWH"],"isImplicit":false,"id":"5C9CDB7F-A2F9-4A3F-94ED-28365B7CBB61","children":[],"imageName":"","level":3},{"name":"NazlyTaymour","spouses":["IbrahimHegazy","KhaledAkif"],"parents":["EmadTaymour","TatyLotfy"],"siblings":["AminaTaymour"],"isImplicit":false,"id":"59AA497C-47F9-4DA0-9187-B06DB50BAC17","children":["MostafaHegazy","ZeinabHegazy"],"imageName":"","level":2},{"name":"AminaTaymour","spouses":["WaelHamroush"],"parents":["EmadTaymour","TatyLotfy"],"siblings":["NazlyTaymour"],"isImplicit":false,"id":"B47E01C8-060F-49B6-858A-4944820E7281","children":["HusseinWH","YoussefWH"],"imageName":"","level":2},{"name":"KhaledAkif","spouses":["NazlyTaymour"],"parents":["MrAk","MrsAk"],"siblings":[],"isImplicit":false,"id":"BAF6F6B5-9D70-4061-8058-7298EF4C96DC","children":[],"imageName":"","level":2},{"name":"IbrahimHegazy","spouses":["NazlyTaymour"],"parents":["MrHG","MrsHg"],"siblings":[],"isImplicit":false,"id":"6F738025-4C1D-4FD7-AB9C-567380529824","children":["MostafaHegazy","ZeinabHegazy"],"imageName":"","level":2}]