[{"siblings":[],"spouses":["HedayatShanab"],"id":"BF585D21-0411-4C5C-84BC-796DB7CFE7CA","name":"RaoufHusseiny","isImplicit":false,"children":["AhmedHusseiny","KismetHusseiny"],"level":2,"parents":["AEHSr","BellaTobgy"],"imageName":""},{"siblings":["HassanShanab","NaglaShanab"],"spouses":["RaoufHusseiny"],"id":"2764143E-AB6C-478C-B4D6-44CD6A735F66","name":"HedayatShanab","isImplicit":false,"children":["AhmedHusseiny","KismetHusseiny"],"level":2,"parents":["GamilShanab","KismetTaymour"],"imageName":""},{"siblings":["MarkPQ"],"spouses":["OmarElAfifi"],"id":"D9ADC5C3-9D06-4D61-BFD2-6685120F54FD","name":"GillianPQ","isImplicit":false,"children":["AminOA","LaylaOA"],"level":3,"parents":["DianeFQ","PeterPQ"],"imageName":""},{"id":"C6568267-1C9A-40C6-ACAE-FF2164B53319","isImplicit":false,"level":3,"imageName":"","siblings":["OmarElAfifi"],"name":"AlaaElAfifi","parents":["MhmdElAfifi","NaglaShanab"],"spouses":["YasminaMakram"],"children":["NourAA","RachidAA"]},{"id":"F63708EA-FFA6-4DB6-B7C6-1E4BB056ED01","isImplicit":false,"level":4,"imageName":"","siblings":["NadiaSR"],"name":"HassanSR","parents":["KismetHusseiny","SeifR","SeifSR"],"spouses":[],"children":[]},{"spouses":["GillianPQ"],"level":3,"id":"B70B63A4-262E-47F5-94B8-B74168A703D1","siblings":["AlaaElAfifi"],"parents":["MhmdElAfifi","NaglaShanab"],"children":["AminOA","LaylaOA"],"name":"OmarElAfifi","imageName":"","isImplicit":false},{"spouses":["NaglaShanab"],"level":2,"id":"EB01584C-2C16-450A-91BF-240DB76FF55D","siblings":["MhmudElAfifi"],"parents":["AAzimElAfifi","AleyaErfan"],"children":["AlaaElAfifi","OmarElAfifi"],"name":"MhmdElAfifi","imageName":"","isImplicit":false},{"spouses":["AlaaElAfifi"],"level":3,"id":"95BFDD7A-7842-491B-A2BB-D1693E1028BF","siblings":["NourME"],"parents":["MohgaMM","SaedME"],"children":["NourAA","RachidAA"],"name":"YasminaMakram","imageName":"","isImplicit":false},{"spouses":["ElwyTaymour"],"level":0,"id":"3AD44E7A-DC9D-465A-B91D-9DEFA90C69A7","siblings":[],"parents":[],"children":["EffatTaymour","EmadTaymour","HedayatTaymour","KismetTaymour","MohamedTaymour","NadiaTaymour"],"name":"AminaBassim","imageName":"","isImplicit":false},{"spouses":["MhmdElAfifi"],"level":2,"id":"89B79071-7F05-4B1D-881C-6BACD48733E2","siblings":["HassanShanab","HedayatShanab"],"parents":["GamilShanab","KismetTaymour"],"children":["AlaaElAfifi","OmarElAfifi"],"name":"NaglaShanab","imageName":"","isImplicit":false},{"spouses":[],"level":4,"id":"4795265F-CE72-4E8D-8641-D0A3BB3C0E0F","siblings":["AminOA"],"parents":["GillianPQ","OmarElAfifi"],"children":[],"name":"LaylaOA","imageName":"","isImplicit":false},{"spouses":["KismetHusseiny"],"level":3,"id":"941253ED-39F1-4F92-A7A5-EFF983F44D4B","siblings":["SaraR"],"parents":["AmanyR","MhmudR"],"children":["HassanSR","NadiaSR"],"name":"SeifR","imageName":"","isImplicit":false},{"spouses":["OlfatMansour"],"level":2,"id":"02A1A616-7599-483D-82E4-83D078A4117E","siblings":["HedayatShanab","NaglaShanab"],"parents":["GamilShanab","KismetTaymour"],"children":[],"name":"HassanShanab","imageName":"","isImplicit":false},{"spouses":[],"level":4,"id":"226FBC68-A904-41B1-B18A-DD183D766C05","siblings":["NourAA"],"parents":["AlaaElAfifi","YasminaMakram"],"children":[],"name":"RachidAA","imageName":"","isImplicit":false},{"spouses":["GamilShanab"],"level":1,"id":"070A0E8F-9CC1-4AC3-B1C4-7FEC3E307070","siblings":["EffatTaymour","EmadTaymour","HedayaTaymour","MohamedTaymour","NadiaTaymour"],"parents":["AminaBassim","ElwyTaymour"],"children":["HassanShanab","HedayatShanab","NaglaShanab"],"name":"KismetTaymour","imageName":"","isImplicit":false},{"spouses":["HassanShanab"],"level":2,"id":"076C1449-3A3F-4BD3-A3A6-05BB4BA9F510","siblings":[],"parents":["AlyAM","MonaDG"],"children":[],"name":"OlfatMansour","imageName":"","isImplicit":false},{"spouses":[],"level":4,"id":"B4D73852-8C0E-421E-9D87-8AEC2E2BCDEB","siblings":["LaylaOA"],"parents":["GillianPQ","OmarElAfifi"],"children":[],"name":"AminOA","imageName":"","isImplicit":false},{"spouses":[],"level":3,"id":"0F6B73CD-72D8-4ADF-8EC9-C733235A72C8","siblings":["KismetHusseiny"],"parents":["HedayatShanab","RaoufHusseiny"],"children":[],"name":"AhmedHusseiny","imageName":"","isImplicit":false},{"spouses":["SeifR"],"name":"KismetHusseiny","parents":["HedayatShanab","RaoufHusseiny"],"children":["HassanSR","NadiaSR"],"id":"1631B63E-C0DC-4481-AD68-AFE989173771","siblings":["AhmedHusseiny"],"level":3,"imageName":"","isImplicit":false},{"spouses":["AminaBassim"],"name":"ElwyTaymour","parents":[],"children":["EffatTaymour","EmadTaymour","HedayatTaymour","KismetTaymour","MohamedTaymour","NadiaTaymour"],"id":"CFF87902-883E-4A0F-949A-B9C37D106840","siblings":[],"level":0,"imageName":"","isImplicit":false},{"spouses":[],"name":"NourAA","parents":["AlaaElAfifi","YasminaMakram"],"children":[],"id":"6F077B96-8A8B-4D43-B30F-2C6D14C589F3","siblings":["RachidAA"],"level":4,"imageName":"","isImplicit":false},{"spouses":[],"name":"NadiaSR","parents":["KismetHusseiny","SeifR","SeifSR"],"children":[],"id":"14439927-E3C4-41D8-9BB2-2EF3F4EF9665","siblings":["HassanSR"],"level":4,"imageName":"","isImplicit":false},{"spouses":["KismetTaymour"],"name":"GamilShanab","parents":["GamilaAteya","HassanBeyShanab"],"children":["HassanShanab","HedayatShanab","NaglaShanab"],"id":"B3FA7DE6-A41D-47B5-9C4A-7F0AD20F7AE9","siblings":["AlyShanab","MohamedShanab","SorayaShanab"],"level":1,"imageName":"","isImplicit":false}]