[{"children":["AlaaElAfifi","OmarElAfifi"],"siblings":["MhmudElAfifi"],"name":"MhmdElAfifi","isImplicit":false,"spouses":["NaglaShanab"],"level":2,"parents":["AAzimElAfifi","AleyaErfan"],"imageName":"","id":"6FB3DF2A-F007-4403-B194-FDB958747882"},{"children":["AlaaElAfifi","OmarElAfifi"],"siblings":["HassanShanab","HedayatShanab"],"name":"NaglaShanab","isImplicit":false,"spouses":["MhmdElAfifi"],"level":2,"parents":["GamilShanab","KismetTaymour"],"imageName":"","id":"8DEAED54-3BE5-4931-B10C-C6E1096C9E44"},{"spouses":["SIBLINGS: NermineShanab"],"siblings":[],"imageName":"","children":[],"id":"36784F18-9888-4BDE-8F54-C553D5E15125","parents":["AhmedShanab","DaliaAbdo"],"name":"YoussefShanab","isImplicit":false,"level":3},{"spouses":[],"siblings":["RachidAA"],"imageName":"","children":[],"id":"A6883B66-4ADA-494B-9CC7-37F85B281048","parents":["AlaaElAfifi","YasminaME"],"name":"NourAA","isImplicit":false,"level":4},{"spouses":["GamilaAteya"],"siblings":[],"imageName":"","children":["AlyShanab","GamilShanab","MohamedShanab","SorayaShanab"],"id":"C0A990F5-CBAA-4280-B439-7505957B5047","parents":[],"name":"HassanBeyShanab","isImplicit":false,"level":0},{"spouses":[],"siblings":["LaylaOA"],"imageName":"","children":[],"id":"98CA34DE-FFBC-425A-BEE7-A3EDCBED73D0","parents":["GillianPQ","OmarElAfifi"],"name":"AminOA","isImplicit":false,"level":4},{"spouses":["AminaBassim"],"siblings":[],"imageName":"","children":["EffatTaymour","EmadTaymour","HedayatTaymour","KismetTaymour","MohamedTaymour","NadiaTaymour"],"id":"4981F2D1-9BB2-4963-9F90-AC6D6CAC22CD","parents":[],"name":"ElwyTaymour","isImplicit":false,"level":0},{"spouses":["SIBLINGS: YoussefShanab"],"siblings":[],"imageName":"","children":[],"id":"4210C0E2-7206-4479-8B70-BFD174572C6A","parents":["AhmedShanab","DaliaAbdo"],"name":"NermineShanab","isImplicit":false,"level":3},{"spouses":[],"siblings":["AminOA"],"imageName":"","children":[],"id":"34F8EDD1-282E-417B-A817-720CAF7033B6","parents":["GillianPQ","OmarElAfifi"],"name":"LaylaOA","isImplicit":false,"level":4},{"spouses":[],"siblings":["NadiaSR"],"imageName":"","children":[],"id":"C9C16238-8521-4EB3-BA9A-CC993BBC3FCA","parents":["KismetHusseiny","SeifR","SeifSR"],"name":"HassanSR","isImplicit":false,"level":4},{"spouses":["OmarElAfifi"],"siblings":["MarkPQ"],"imageName":"","children":["AminOA","LaylaOA"],"id":"AE72CFEE-5DB4-49A5-9D2A-72F059A0F846","parents":["DianeFQ","PeterPQ"],"name":"GillianPQ","isImplicit":false,"level":3},{"spouses":["DaliaAbdo"],"siblings":["GamilaShanab","HeshamShanab"],"imageName":"","children":["NermineShanab","YoussefShanab"],"id":"823D9337-D2AC-4216-9370-955D4768B197","parents":["LaylaAbady","MohamedShanab"],"name":"AhmedShanab","isImplicit":false,"level":2},{"spouses":[],"siblings":["KismetHusseiny"],"imageName":"","children":[],"id":"3EC143A0-6B73-4B0B-A5C3-AF8D32A2A5EB","parents":["HedayatShanab","RaoufHusseiny"],"name":"AhmedHusseiny","isImplicit":false,"level":3},{"spouses":["GamilaShanab"],"siblings":[],"imageName":"","children":["AminaKaram","DinaKaram"],"id":"FBBFAD80-9E5F-423D-825D-A36419C2FB18","parents":["MrKr","MrsKr"],"name":"OmarKaram","isImplicit":false,"level":2},{"id":"E4EDF037-8162-4F1E-A4CF-F0455F7B322A","isImplicit":false,"children":[],"imageName":"","spouses":["SIBLINGS:AminaKaram"],"parents":["GamilaShanab","OmarKaram"],"siblings":[],"name":"DinaKaram","level":3},{"id":"D386781E-B496-412E-A332-DE3786A8AB74","isImplicit":false,"children":["AhmedHusseiny","KismetHusseiny"],"imageName":"","spouses":["RaoufHusseiny"],"parents":["GamilShanab","KismetTaymour"],"siblings":["HassanShanab","NaglaShanab"],"name":"HedayatShanab","level":2},{"id":"B62F7C23-4ED9-4130-8DCA-9AB69B1B6A46","isImplicit":false,"children":["EffatTaymour","EmadTaymour","HedayatTaymour","KismetTaymour","MohamedTaymour","NadiaTaymour"],"imageName":"","spouses":["ElwyTaymour"],"parents":[],"siblings":[],"name":"AminaBassim","level":0},{"id":"5F71967F-5CCB-4793-9915-7454427645C2","isImplicit":false,"children":["LaylaShanab","NadiaShanab"],"imageName":"","spouses":["MonaFayek"],"parents":["LaylaAbady","MohamedShanab"],"siblings":["AhmedShanab","GamilaShanab"],"name":"HeshamShanab","level":2},{"id":"420F7989-2C82-4895-9FF6-A64425CB4D93","isImplicit":false,"children":[],"imageName":"","spouses":[],"parents":["AlaaElAfifi","YasminaME"],"siblings":["NourAA"],"name":"RachidAA","level":4},{"id":"C70440ED-3707-43AA-81A4-B6AF695233AD","isImplicit":false,"children":[],"imageName":"","spouses":["HassanShanab"],"parents":["AlyAM","MonaDG"],"siblings":[],"name":"OlfatMansour","level":2},{"id":"BA744001-70F0-478B-B372-AF85F60A31CB","isImplicit":false,"children":["AminaKaram","DinaKaram"],"imageName":"","spouses":["OmarKaram"],"parents":["LaylaAbady","MohamedShanab"],"siblings":["AhmedShanab","HeshamShanab"],"name":"GamilaShanab","level":2},{"id":"E4B7CD3F-2E06-4B7B-91D0-842D48BED031","isImplicit":false,"children":["AhmedShanab","GamilaShanab","HeshamShanab"],"imageName":"","spouses":["LaylaAbady"],"parents":["GamilaAteya","HassanBeyShanab"],"siblings":["AlyShanab","GamilShanab","SorayaShanab"],"name":"MohamedShanab","level":1},{"id":"8CD6EF80-9CB7-4B28-BCF4-0F7EEDB833CA","isImplicit":false,"children":["NermineShanab","YoussefShanab"],"imageName":"","spouses":["AhmedShanab"],"parents":["MrDA","MrsDA"],"siblings":[],"name":"DaliaAbdo","level":2},{"id":"A94339FD-1838-4F6C-B43E-1151DF97A384","isImplicit":false,"children":["AhmedHusseiny","KismetHusseiny"],"imageName":"","spouses":["HedayatShanab"],"parents":["AEHSr","BellaTobgy"],"siblings":[],"name":"RaoufHusseiny","level":2},{"id":"B01AE62B-FDDA-41D6-8CBA-324F4EC0DB62","isImplicit":false,"children":[],"imageName":"","spouses":["OlfatMansour"],"parents":["GamilShanab","KismetTaymour"],"siblings":["HedayatShanab","NaglaShanab"],"name":"HassanShanab","level":2},{"id":"E3F23D04-C667-4C14-A43C-EB5394846CE2","isImplicit":false,"children":["HassanShanab","HedayatShanab","NaglaShanab"],"imageName":"","spouses":["GamilShanab"],"parents":["AminaBassim","ElwyTaymour"],"siblings":["EffatTaymour","EmadTaymour","HedayaTaymour","MohamedTaymour","NadiaTaymour"],"name":"KismetTaymour","level":1},{"spouses":["KismetHusseiny"],"name":"SeifR","parents":["AmanyR","MhmudR"],"children":["HassanSR","NadiaSR"],"id":"36A0CD77-E79D-4B46-A33D-1533AA82FC77","siblings":["SaraR"],"level":3,"imageName":"","isImplicit":false},{"spouses":["HassanBeyShanab"],"name":"GamilaAteya","parents":[],"children":["AlyShanab","GamilShanab","MohamedShanab","SorayaShanab"],"id":"D33033B8-7074-446B-B99C-B5D99AB8FEFE","siblings":[],"level":0,"imageName":"","isImplicit":false},{"spouses":["MohamedShanab"],"name":"LaylaAbady","parents":["MrAbady","MrsAbady"],"children":["AhmedShanab","GamilaShanab","HeshamShanab"],"id":"293ADC3E-8BFB-44E6-A5B1-A880C3D624E3","siblings":[],"level":1,"imageName":"","isImplicit":false},{"spouses":[],"name":"AlyShanab","parents":["GamilaAteya","HassanBeyShanab"],"children":[],"id":"C23D7139-4F51-4EA6-9CDF-F6C64A7EBF9F","siblings":["GamilShanab","MohamedShanab","SorayaShanab"],"level":1,"imageName":"","isImplicit":false},{"spouses":["SIBLINGS: LaylaShanab"],"name":"NadiaShanab","parents":["HeshamShanab","MonaFayek"],"children":[],"id":"94830B5A-A056-4518-B48C-19EF4C32CF2B","siblings":[],"level":3,"imageName":"","isImplicit":false},{"spouses":["AlaaElAfifi"],"name":"YasminaME","parents":["MohgaMM","SaedME"],"children":["NourAA","RachidAA"],"id":"35FDE68D-14D8-4E2E-B413-0DC93DC76091","siblings":["NourME"],"level":3,"imageName":"","isImplicit":false},{"spouses":["HeshamShanab"],"name":"MonaFayek","parents":["Mr","MrMF","Mrs MF"],"children":["LaylaShanab","NadiaShanab"],"id":"ED5409A5-DBB8-4763-88CA-49F8E8168CE0","siblings":[],"level":2,"imageName":"","isImplicit":false},{"spouses":["KismetTaymour"],"name":"GamilShanab","parents":["GamilaAteya","HassanBeyShanab"],"children":["HassanShanab","HedayatShanab","NaglaShanab"],"id":"AA9AF2DB-7DB8-42FE-B246-53BD6E7758AE","siblings":["AlyShanab","MohamedShanab","SorayaShanab"],"level":1,"imageName":"","isImplicit":false},{"spouses":["SIBLINGS: NadiaShanab"],"name":"LaylaShanab","parents":["HeshamShanab","MonaFayek"],"children":[],"id":"6CC34709-A26F-4FF0-BD92-CD8C10D317FF","siblings":[],"level":3,"imageName":"","isImplicit":false},{"spouses":["YasminaME"],"name":"AlaaElAfifi","parents":["MhmdElAfifi","NaglaShanab"],"children":["NourAA","RachidAA"],"id":"40506486-D486-4B23-B970-129BD1501372","siblings":["OmarElAfifi"],"level":3,"imageName":"","isImplicit":false},{"spouses":["SeifR"],"name":"KismetHusseiny","parents":["HedayatShanab","RaoufHusseiny"],"children":["HassanSR","NadiaSR"],"id":"E0D5B67B-D310-4E3A-8DBB-4F17EAC8CBD3","siblings":["AhmedHusseiny"],"level":3,"imageName":"","isImplicit":false},{"spouses":["GillianPQ"],"name":"OmarElAfifi","parents":["MhmdElAfifi","NaglaShanab"],"children":["AminOA","LaylaOA"],"id":"6AD51F53-A275-4EFF-9C2A-1FAE3D8BAAD2","siblings":["AlaaElAfifi"],"level":3,"imageName":"","isImplicit":false},{"spouses":[],"name":"NadiaSR","parents":["KismetHusseiny","SeifR","SeifSR"],"children":[],"id":"954F4C45-3D2A-453B-95FE-027F41A4AA77","siblings":["HassanSR"],"level":4,"imageName":"","isImplicit":false},{"spouses":["SIBLINGS: DinaKaram"],"name":"AminaKaram","parents":["GamilaShanab","OmarKaram"],"children":[],"id":"E882D5EE-01CC-433C-9874-378248136B5C","siblings":[],"level":3,"imageName":"","isImplicit":false}]