[{"children":["HedayatAH","MohamedAH"],"spouses":["InasRaafat"],"imageName":"","isImplicit":false,"parents":["HassaneinHeikal","HedayatTaymour"],"name":"AlyHeikal","siblings":["AhmedHeikal","HassanHeikal"],"id":"1D7CCF18-FE67-4267-AE7F-BE1B8E23EDC0","level":2},{"children":["HusseinAO","SorayaAO"],"spouses":["HedayatAH"],"imageName":"","isImplicit":false,"parents":["DrOraby","MrsOraby"],"name":"AhmedO","siblings":[],"id":"9BE2F155-0E60-4CBD-A083-CC6BCE6EB372","level":3},{"children":["HanaMH","MalakMH"],"spouses":["MansourAH"],"imageName":"","isImplicit":false,"parents":["MohgaMM","SaedME"],"name":"NourMakram","siblings":["YasminaMakram"],"id":"C72C528A-5817-4717-A5FA-6C3BAAABAB97","level":3},{"children":[],"spouses":[],"imageName":"","isImplicit":false,"parents":["HassanHeikal","RaniaES"],"name":"RachidHJr","siblings":["AlyHJr"],"id":"7EB5B87B-21E2-4153-80EF-C541814F0C2C","level":3},{"children":["HedayatAH","MohamedAH"],"spouses":["AlyHeikal"],"imageName":"","isImplicit":false,"parents":["DrRaafat","MrsRaafat"],"name":"InasRaafat","siblings":[],"id":"97E8465E-BF59-4644-B9D5-12E01F6C72B6","level":2},{"children":[],"spouses":[],"imageName":"","isImplicit":false,"parents":["MansourAH","NourMakram"],"name":"HanaMH","siblings":["MalakMH"],"id":"4D189367-09EA-42C5-AE15-9CC71CB37D71","level":4},{"children":["MansourAH","NadiaAH","TaymourAH"],"spouses":["AhmedHeikal"],"imageName":"","isImplicit":false,"parents":["NabilAraby","NadiaTaymour"],"name":"MayAraby","siblings":["HeshamAraby","MarwanAraby"],"id":"195F3A92-669C-4C1E-A0E7-DBE523DF67D2","level":2},{"children":["AhmedHeikal","AlyHeikal","HassanHeikal"],"spouses":["HedayatTaymour"],"imageName":"","isImplicit":false,"parents":["MrH","MrsH"],"name":"HassaneinHeikal","siblings":[],"id":"4D3C716C-1CE4-40EA-BFB7-FB05D98B91D9","level":1},{"children":["AminTH"],"spouses":["FaridaHL","FaridaLeheita"],"imageName":"","isImplicit":false,"parents":["AhmedHeikal","MayAraby"],"name":"TaymourAH","siblings":["MansourAH","NadiaAH"],"id":"5A934098-8FE4-4C65-875C-8E8F6540238A","level":3},{"children":[],"spouses":[],"imageName":"","isImplicit":false,"parents":["AhmedO","HedayatAH"],"name":"HusseinAO","siblings":["SorayaAO"],"id":"2D471839-0DD0-4BC7-A937-DBAA736D01BD","level":4},{"children":["AlyMH","BahyaMH","SalmaMH"],"spouses":["MohamedAH"],"imageName":"","isImplicit":false,"parents":["MrNour","MrsNour"],"name":"FatmaMD","siblings":[],"id":"12FD21A8-9233-47AE-AF8C-84DBDA9316D1","level":3},{"children":["HusseinAO","SorayaAO"],"spouses":["AhmedO"],"imageName":"","isImplicit":false,"parents":["AlyHeikal","InasRaafat"],"name":"HedayatAH","siblings":["MohamedAH"],"id":"3F6F8274-197F-4343-ACC6-69BC4315BE51","level":3},{"children":[],"spouses":[],"imageName":"","isImplicit":false,"parents":["AhmedHeikal","MayAraby"],"name":"NadiaAH","siblings":["HeshamAraby","MansourAH","MarwanAraby","TaymourAH"],"id":"A72B1122-AED1-425B-8F27-62C59178AC06","level":3},{"children":["MansourAH","NadiaAH","TaymourAH"],"spouses":["MayAraby"],"imageName":"","isImplicit":false,"parents":["HassaneinHeikal","HedayatTaymour"],"name":"AhmedHeikal","siblings":["AlyHeikal","HassanHeikal"],"id":"22771177-D649-4024-B3A8-59DB25EC8AE9","level":2},{"children":["EffatTaymour","EmadTaymour","HedayatTaymour","KismetTaymour","MohamedTaymour","NadiaTaymour"],"spouses":["AminaBassim"],"imageName":"","isImplicit":false,"parents":[],"name":"ElwyBeyTaymour","siblings":[],"id":"9230A50F-2BE0-4E70-99DE-C61C540B15ED","level":0},{"children":[],"spouses":[],"imageName":"","isImplicit":false,"parents":["HassanHeikal","RaniaES"],"name":"AlyHJr","siblings":["RachidHJr"],"id":"93C8C99D-D8EB-492B-99D1-D7B87684F492","level":3},{"children":["AminTH"],"spouses":["TaymourAH"],"imageName":"","isImplicit":false,"parents":["MrLeheta","MrsLeheta"],"name":"FaridaLeheita","siblings":[],"id":"FE32E0A3-9DAC-4227-903E-84324C7E5AA5","level":3},{"children":[],"spouses":[],"imageName":"","isImplicit":false,"parents":["FaridaLeheita","TaymourAH"],"name":"AminTH","siblings":[],"id":"BA574E7C-4598-406A-80F1-B347C8D8936F","level":4},{"children":[],"spouses":[],"imageName":"","isImplicit":false,"parents":["MansourAH","NourMakram"],"name":"MalakMH","siblings":["HanaMH"],"id":"4595D2AC-BFAB-46EA-83E0-13FD99AC334F","level":4},{"children":["AlyHJr","RachidHJr"],"spouses":["RaniaES","Zazi"],"imageName":"","isImplicit":false,"parents":["HassaneinHeikal","HedayatTaymour"],"name":"HassanHeikal","siblings":["AhmedHeikal","AlyHeikal"],"id":"3399741F-A683-4387-BC99-501CB098A649","level":2},{"children":[],"spouses":[],"imageName":"","isImplicit":false,"parents":["AhmedO","HedayatAH"],"name":"SorayaAO","siblings":["HusseinAO"],"id":"F5D07C03-779D-428B-A747-D4BF00D8D79E","level":4},{"children":["AhmedHeikal","AlyHeikal","HassanHeikal"],"spouses":["HassaneinHeikal"],"imageName":"","isImplicit":false,"parents":["AminaBassim","ElwyBeyTaymour"],"name":"HedayatTaymour","siblings":["EffatTaymour","EmadTaymour","KismetTaymour","MohamedTaymour","NadiaTaymour"],"id":"7362F1FD-D44A-487A-82E9-C15D000E183F","level":1},{"children":["AlyHJr","RachidHJr"],"spouses":["HassanHeikal"],"imageName":"","isImplicit":false,"parents":["MrElSherif","MrsElSherif"],"name":"RaniaES","siblings":[],"id":"EE7140E9-154F-4D6E-A3A4-0B9CA84BE7BB","level":2},{"children":[],"spouses":["HassanHeikal"],"imageName":"","isImplicit":false,"parents":["MrZZ","MrsZZ"],"name":"Zazi","siblings":[],"id":"0DD12F71-535F-47E9-A7BD-B9D56E5B168F","level":2},{"children":["EffatTaymour","EmadTaymour","HedayatTaymour","KismetTaymour","MohamedTaymour","NadiaTaymour"],"spouses":["ElwyBeyTaymour"],"imageName":"","isImplicit":false,"parents":[],"name":"AminaBassim","siblings":[],"id":"42870364-4C45-4AB7-A39F-93A0F8870C3D","level":0},{"children":["AlyMH","BahyaMH","SalmaMH"],"spouses":["FatmaMD"],"imageName":"","isImplicit":false,"parents":["AlyHeikal","InasRaafat"],"name":"MohamedAH","siblings":["HedayatAH"],"id":"8EF5FC3D-7392-426C-803A-A025CE398B82","level":3},{"children":["HanaMH","MalakMH"],"spouses":["NourMakram"],"imageName":"","isImplicit":false,"parents":["AhmedHeikal","MayAraby"],"name":"MansourAH","siblings":["NadiaAH","TaymourAH"],"id":"D50FC44E-0BAA-42AD-AB0E-95667014D7DB","level":3}]