[{"siblings":[],"spouses":["AminaBassim"],"isImplicit":false,"parents":[],"children":["EffatTaymour","EmadTaymour","HedayatTaymour","KismetTaymour","MohamedTaymour","NadiaTaymour"],"imageName":"","id":"63D7B4A8-20CE-4671-BA06-CD2B2CB15573","level":0,"name":"ElwyBeyTaymour"},{"siblings":["TarekNour"],"spouses":["MohamedTaymour"],"isImplicit":false,"parents":["MrNour","MrsNour"],"children":["ElwyTaymour","SherifTaymour"],"imageName":"","id":"66816F3D-B7C1-423A-A057-8F2AFE192B12","level":1,"name":"MaysaNour"},{"siblings":["AleyaET","AlyaET","MaysaET"],"spouses":[],"isImplicit":false,"parents":["ElwyTaymour","HedyIslam"],"children":[],"imageName":"","id":"DBC1B851-D2B6-4569-8156-907D1191A3E3","level":3,"name":"GihaneET"},{"siblings":["GihaneET","MaysaET"],"spouses":[],"isImplicit":false,"parents":["ElwyTaymour","HedyIslam"],"children":[],"imageName":"","id":"387C5C86-DE1C-4A90-B749-072958CFA30B","level":3,"name":"AleyaET"},{"siblings":["IsmailST"],"spouses":[],"isImplicit":false,"parents":["NihalHalbouny","SherifTaymour"],"children":[],"imageName":"","id":"A84DB58C-5504-4B19-B58E-B0E900B08387","level":3,"name":"MohamedST"},{"siblings":["AleyaET","AlyaET","GihaneET"],"spouses":[],"isImplicit":false,"parents":["ElwyTaymour","HedyIslam"],"children":[],"imageName":"","id":"85D08C9E-F609-43AB-976A-BBC384CA0F0A","level":3,"name":"MaysaET"},{"siblings":["ElwyTaymour"],"spouses":["NihalHalbouny"],"isImplicit":false,"parents":["MaysaNour","MohamedTaymour"],"children":["IsmailST","MohamedST"],"imageName":"","id":"B53C2003-16E2-4880-8FFE-ADA10FEDBEDB","level":2,"name":"SherifTaymour"},{"siblings":["EffatTaymour","EmadTaymour","HedayatTaymour","KismetTaymour","NadiaTaymour"],"spouses":["MaysaNour"],"isImplicit":false,"parents":["AminaBassim","ElwyBeyTaymour"],"children":["ElwyTaymour","SherifTaymour"],"imageName":"","id":"6BEDB04D-8BF6-4FF7-8026-5C5FFDFAE99B","level":1,"name":"MohamedTaymour"},{"siblings":["MohamedST"],"spouses":[],"isImplicit":false,"parents":["NihalHalbouny","SherifTaymour"],"children":[],"imageName":"","id":"BECC9357-7BFE-465F-A6DA-7A6AE8E6B1BB","level":3,"name":"IsmailST"},{"siblings":["SherifTaymour"],"spouses":["HedyIslam"],"isImplicit":false,"parents":["MaysaNour","MohamedTaymour"],"children":["AleyaET","AlyaET","GihaneET","MaysaET"],"imageName":"","id":"5A93C921-D807-4374-9D81-FD9A92462C2C","level":2,"name":"ElwyTaymour"},{"siblings":[],"spouses":["ElwyBeyTaymour"],"isImplicit":false,"parents":[],"children":["EffatTaymour","EmadTaymour","HedayatTaymour","KismetTaymour","MohamedTaymour","NadiaTaymour"],"imageName":"","id":"38E663BA-16E1-41FE-830B-00C624BF2D85","level":0,"name":"AminaBassim"},{"siblings":[],"spouses":["SherifTaymour"],"isImplicit":false,"parents":["MrH","MrsH"],"children":["IsmailST","MohamedST"],"imageName":"","id":"9DF8759F-1A1D-4664-A014-BE8D3EDB7FEA","level":2,"name":"NihalHalbouny"},{"siblings":[],"spouses":["ElwyTaymour"],"isImplicit":false,"parents":["MrIslam","MrsIslam"],"children":["AleyaET","AlyaET","GihaneET","MaysaET"],"imageName":"","id":"A90A8ADF-11C7-406F-8AE5-5B9B9E5B921F","level":2,"name":"HedyIslam"}]