[{"spouses":["MarwanAraby"],"name":"MassaAlloul","id":"E3A4DEDB-DEB9-412F-9FC7-4E1E78561F97","parents":["MrAlloul","MrsAlloul"],"siblings":[],"children":["FarahMA","FerrisMA"],"isImplicit":false,"level":2,"imageName":""},{"spouses":["MayAraby"],"name":"AhmedHeikal","id":"CC6A9A0D-E7F4-4504-88A0-71C20B6629A0","parents":["HassaneinHeikal","HedayatTaymour"],"siblings":["AlyHeikal","HassanHeikal"],"children":["MansourAH","NadiaAH","TaymourAH"],"isImplicit":false,"level":2,"imageName":""},{"spouses":["FaridaHL","FaridaLeheita"],"name":"TaymourAH","id":"3E400F5C-F116-4B1C-9DB1-2FE766DEB6A6","parents":["AhmedHeikal","MayAraby"],"siblings":["MansourAH","NadiaAH"],"children":["AminTH"],"isImplicit":false,"level":3,"imageName":""},{"spouses":[],"name":"MalakMH","id":"170293A8-0A69-4B9E-961F-38089B3BEA9E","parents":["MansourAH","NourMakram"],"siblings":["HanaMH"],"children":[],"isImplicit":false,"level":4,"imageName":""},{"spouses":["NourMakram"],"name":"MansourAH","id":"AD338044-85E0-41C1-B2C4-D2140E4DAD0E","parents":["AhmedHeikal","MayAraby"],"siblings":["NadiaAH","TaymourAH"],"children":["HanaMH","MalakMH"],"isImplicit":false,"level":3,"imageName":""},{"spouses":[],"name":"HanaMH","id":"CCAD5C57-5895-4990-B6C6-6E1E0F2FFE50","parents":["MansourAH","NourMakram"],"siblings":["MalakMH"],"children":[],"isImplicit":false,"level":4,"imageName":""},{"spouses":["MansourAH"],"name":"NourMakram","id":"9663265B-50AB-4EE0-82F6-91BF98A499E7","parents":["MohgaMM","SaedME"],"siblings":["YasminaME"],"children":["HanaMH","MalakMH"],"isImplicit":false,"level":3,"imageName":""},{"spouses":[],"name":"FarahMA","id":"F4BDFC6A-AD76-42AA-B021-A24D816292EA","parents":["MarwanAraby","MassaAlloul"],"siblings":["FerrisMA"],"children":[],"isImplicit":false,"level":3,"imageName":""},{"spouses":[],"name":"FerrisMA","id":"78632688-341F-4CE9-B998-7B4D9E66A61C","parents":["MarwanAraby","MassaAlloul"],"siblings":["FarahMA"],"children":[],"isImplicit":false,"level":3,"imageName":""},{"spouses":["ElwyBeyTaymour"],"name":"AminaBassim","id":"55C9F540-B3EB-4710-9F85-A1E11EF4E4D5","parents":[],"siblings":[],"children":["EffatTaymour","EmadTaymour","HedayatTaymour","KismetTaymour","MohamedTaymour","NadiaTaymour"],"isImplicit":false,"level":0,"imageName":""},{"spouses":["TaymourAH"],"name":"FaridaLeheita","id":"A2156216-91C1-4565-AAE8-E817776DB9A9","parents":["MrLeheta","MrsLeheta"],"siblings":[],"children":["AminTH"],"isImplicit":false,"level":3,"imageName":""},{"spouses":["HeshamAraby"],"name":"DinaOH","id":"0E231883-B298-4185-9D8D-07D6932AB260","parents":["DrO","MrsO"],"siblings":[],"children":["SeifHA","TaliaHA"],"isImplicit":false,"level":2,"imageName":""},{"spouses":["NadiaTaymour"],"name":"NabilAraby","id":"92597297-54DB-49D7-9DB4-7F9E1C59572E","parents":["DrAa","MrsAa"],"siblings":[],"children":["HeshamAraby","MarwanAraby","MayAraby"],"isImplicit":false,"level":1,"imageName":""},{"spouses":[],"name":"SeifHA","id":"73D3F3D3-FFE0-416B-A87E-B426967262DB","parents":["DinaOH","HeshamAraby"],"siblings":["TaliaHA"],"children":[],"isImplicit":false,"level":3,"imageName":""},{"spouses":["AhmedHeikal"],"name":"MayAraby","id":"F5EF39A4-D251-46BC-A9DC-900DEDB80B23","parents":["NabilAraby","NadiaTaymour"],"siblings":["HeshamAraby","MarwanAraby"],"children":["MansourAH","NadiaAH","TaymourAH"],"isImplicit":false,"level":2,"imageName":""},{"spouses":["DinaOH"],"name":"HeshamAraby","id":"0A2F8063-36F1-4816-8AEB-151677CB6DE4","parents":["NabilAraby","NadiaTaymour"],"siblings":["MarwanAraby","MayAraby","NadiaAH"],"children":["SeifHA","TaliaHA"],"isImplicit":false,"level":2,"imageName":""},{"spouses":["MassaAlloul"],"name":"MarwanAraby","id":"1103E141-3706-49BD-B5B9-C93765FC4580","parents":["NabilAraby","NadiaTaymour"],"siblings":["HeshamAraby","MayAraby","NadiaAH"],"children":["FarahMA","FerrisMA"],"isImplicit":false,"level":2,"imageName":""},{"spouses":["NabilAraby"],"name":"NadiaTaymour","id":"2110FD3F-8781-498F-96F0-A096640B1A3F","parents":["AminaBassim","ElwyBeyTaymour"],"siblings":["EffatTaymour","EmadTaymour","HedayatTaymour","KismetTaymour","MohamedTaymour"],"children":["HeshamAraby","MarwanAraby","MayAraby"],"isImplicit":false,"level":1,"imageName":""},{"spouses":["AminaBassim"],"name":"ElwyBeyTaymour","id":"67CA1F86-E5AE-44BA-A9EA-DFB6B78FC77C","parents":[],"siblings":[],"children":["EffatTaymour","EmadTaymour","HedayatTaymour","KismetTaymour","MohamedTaymour","NadiaTaymour"],"isImplicit":false,"level":0,"imageName":""},{"spouses":[],"name":"AminTH","id":"16B1158A-677F-4226-833C-20CAA0882EB4","parents":["FaridaLeheita","TaymourAH"],"siblings":[],"children":[],"isImplicit":false,"level":4,"imageName":""},{"spouses":[],"name":"TaliaHA","id":"D950C814-2F77-4F3D-8AC1-ED8714B51AF1","parents":["DinaOH","HeshamAraby"],"siblings":["SeifHA"],"children":[],"isImplicit":false,"level":3,"imageName":""},{"spouses":[],"name":"NadiaAH","id":"8245E015-FA7F-4C31-ACE6-4D0C9DD52D66","parents":["AhmedHeikal","AlyHeikal","MayAraby"],"siblings":["HeshamAraby","MansourAH","MarwanAraby","TaymourAH"],"children":[],"isImplicit":false,"level":3,"imageName":""}]